season,week,team,drives,td_drives,fg_drives,punt_drives,to_drives,yds,plays,rz_drives,start_yardline_100_avg,ppd_basic_sum,ppd_true_sum,score_drives,score_rate,td_rate,fg_rate,turnover_rate,punt_rate,yds_per_drive,plays_per_drive,redzone_drive_rate,ppd_basic,ppd_points,side,start_own_yardline_avg,hidden_yards_per_drive,avg_start_yardline_100_off,turnover_drives
2025,1,ARI,9,1,2,4,1,315.0,87,5,69.89,13,,3,0.33,0.1111111111111111,0.2222222222222222,0.1111111111111111,0.4444444444444444,35.0,9.67,0.5555555555555556,1.4444444444444444,1.44,def,30.11,-1.33,69.89,1.0
2025,1,ARI,9,2,2,4,0,276.0,75,3,71.22,20,,4,0.44,0.2222222222222222,0.2222222222222222,0.0,0.4444444444444444,30.67,8.33,0.3333333333333333,2.2222222222222223,2.22,off,28.78,-1.33,71.22,0.0
2025,1,ATL,10,3,1,4,0,260.0,64,1,67.2,24,,4,0.4,0.3,0.1,0.0,0.4,26.0,6.4,0.1,2.4,2.4,def,32.8,-5.4,67.2,0.0
2025,1,ATL,10,2,2,3,0,358.0,84,2,72.6,20,,4,0.4,0.2,0.2,0.0,0.3,35.8,8.4,0.2,2.0,2.0,off,27.4,-5.4,72.6,0.0
2025,1,BAL,12,5,3,4,1,497.0,91,7,68.75,44,,8,0.67,0.4166666666666667,0.25,0.0833333333333333,0.3333333333333333,41.42,7.58,0.5833333333333334,3.6666666666666665,3.67,def,31.25,0.75,68.75,0.9999999999999996
2025,1,BAL,11,5,2,3,1,432.0,58,3,68.0,41,,7,0.64,0.4545454545454545,0.1818181818181818,0.0909090909090909,0.2727272727272727,39.27,5.27,0.2727272727272727,3.727272727272727,3.73,off,32.0,0.75,68.0,0.9999999999999999
2025,1,BUF,11,5,2,3,1,432.0,58,3,68.0,41,,7,0.64,0.4545454545454545,0.1818181818181818,0.0909090909090909,0.2727272727272727,39.27,5.27,0.2727272727272727,3.727272727272727,3.73,def,32.0,-0.75,68.0,0.9999999999999999
2025,1,BUF,12,5,3,4,1,497.0,91,7,68.75,44,,8,0.67,0.4166666666666667,0.25,0.0833333333333333,0.3333333333333333,41.42,7.58,0.5833333333333334,3.6666666666666665,3.67,off,31.25,-0.75,68.75,0.9999999999999996
2025,1,CAR,10,2,4,2,1,378.0,74,5,68.7,26,,6,0.6,0.2,0.4,0.1,0.2,37.8,7.4,0.5,2.6,2.6,def,31.3,-1.19,68.7,1.0
2025,1,CAR,9,1,1,2,4,255.0,68,1,69.89,10,,2,0.22,0.1111111111111111,0.1111111111111111,0.4444444444444444,0.2222222222222222,28.33,7.56,0.1111111111111111,1.1111111111111112,1.11,off,30.11,-1.19,69.89,4.0
2025,1,CHI,12,4,2,7,1,254.0,64,3,69.17,34,,6,0.5,0.3333333333333333,0.1666666666666666,0.0833333333333333,0.5833333333333334,21.17,5.33,0.25,2.833333333333333,2.83,def,30.83,-0.83,69.17,0.9999999999999996
2025,1,CHI,12,2,1,6,1,317.0,80,2,70.0,17,,3,0.25,0.1666666666666666,0.0833333333333333,0.0833333333333333,0.5,26.42,6.67,0.1666666666666666,1.4166666666666667,1.42,off,30.0,-0.83,70.0,0.9999999999999996
2025,1,CIN,10,2,1,2,2,327.0,82,3,73.2,17,,3,0.3,0.2,0.1,0.2,0.2,32.7,8.2,0.3,1.7,1.7,def,26.8,10.6,73.2,2.0
2025,1,CIN,10,2,1,6,0,141.0,62,3,62.6,17,,3,0.3,0.2,0.1,0.0,0.6,14.1,6.2,0.3,1.7,1.7,off,37.4,10.6,62.6,0.0
2025,1,CLE,10,2,1,6,0,141.0,62,3,62.6,17,,3,0.3,0.2,0.1,0.0,0.6,14.1,6.2,0.3,1.7,1.7,def,37.4,-10.6,62.6,0.0
2025,1,CLE,10,2,1,2,2,327.0,82,3,73.2,17,,3,0.3,0.2,0.1,0.2,0.2,32.7,8.2,0.3,1.7,1.7,off,26.8,-10.6,73.2,2.0
2025,1,DAL,8,3,1,3,0,302.0,68,3,72.38,24,,4,0.5,0.375,0.125,0.0,0.375,37.75,8.5,0.375,3.0,3.0,def,27.62,-4.38,72.38,0.0
2025,1,DAL,8,2,2,2,1,307.0,65,3,76.75,20,,4,0.5,0.25,0.25,0.125,0.25,38.38,8.12,0.375,2.5,2.5,off,23.25,-4.38,76.75,1.0
2025,1,DEN,13,0,4,7,2,133.0,71,2,61.69,12,,4,0.31,0.0,0.3076923076923077,0.1538461538461538,0.5384615384615384,10.23,5.46,0.1538461538461538,0.9230769230769232,0.92,def,38.31,-5.08,61.69,1.9999999999999993
2025,1,DEN,13,2,2,3,3,317.0,84,3,66.77,20,,4,0.31,0.1538461538461538,0.1538461538461538,0.2307692307692307,0.2307692307692307,24.38,6.46,0.2307692307692307,1.5384615384615383,1.54,off,33.23,-5.08,66.77,2.999999999999999
2025,1,DET,9,3,2,3,0,266.0,53,5,62.22,27,,5,0.56,0.3333333333333333,0.2222222222222222,0.0,0.3333333333333333,29.56,5.89,0.5555555555555556,3.0,3.0,def,37.78,-16.28,62.22,0.0
2025,1,DET,8,1,2,3,1,246.0,74,4,78.5,13,,3,0.38,0.125,0.25,0.125,0.375,30.75,9.25,0.5,1.625,1.62,off,21.5,-16.28,78.5,1.0
2025,1,GB,8,1,2,3,1,246.0,74,4,78.5,13,,3,0.38,0.125,0.25,0.125,0.375,30.75,9.25,0.5,1.625,1.62,def,21.5,16.28,78.5,1.0
2025,1,GB,9,3,2,3,0,266.0,53,5,62.22,27,,5,0.56,0.3333333333333333,0.2222222222222222,0.0,0.3333333333333333,29.56,5.89,0.5555555555555556,3.0,3.0,off,37.78,16.28,62.22,0.0
2025,1,HOU,9,2,0,5,1,296.0,68,3,71.33,14,,2,0.22,0.2222222222222222,0.0,0.1111111111111111,0.5555555555555556,32.89,7.56,0.3333333333333333,1.5555555555555556,1.56,def,28.67,-7.56,71.33,1.0
2025,1,HOU,9,0,3,4,2,265.0,73,1,78.89,9,,3,0.33,0.0,0.3333333333333333,0.2222222222222222,0.4444444444444444,29.44,8.11,0.1111111111111111,1.0,1.0,off,21.11,-7.56,78.89,2.0
2025,1,IND,7,1,0,1,3,211.0,48,1,66.71,7,,1,0.14,0.1428571428571428,0.0,0.4285714285714285,0.1428571428571428,30.14,6.86,0.1428571428571428,1.0,1.0,def,33.29,1.0,66.71,2.9999999999999996
2025,1,IND,7,3,4,0,0,418.0,78,6,65.71,33,,7,1.0,0.4285714285714285,0.5714285714285714,0.0,0.0,59.71,11.14,0.8571428571428571,4.714285714285714,4.71,off,34.29,1.0,65.71,0.0
2025,1,JAX,9,1,1,2,4,255.0,68,1,69.89,10,,2,0.22,0.1111111111111111,0.1111111111111111,0.4444444444444444,0.2222222222222222,28.33,7.56,0.1111111111111111,1.1111111111111112,1.11,def,30.11,1.19,69.89,4.0
2025,1,JAX,10,2,4,2,1,378.0,74,5,68.7,26,,6,0.6,0.2,0.4,0.1,0.2,37.8,7.4,0.5,2.6,2.6,off,31.3,1.19,68.7,1.0
2025,1,KC,8,3,2,2,0,394.0,71,4,76.25,27,,5,0.62,0.375,0.25,0.0,0.25,49.25,8.88,0.5,3.375,3.38,def,23.75,7.12,76.25,0.0
2025,1,KC,8,2,3,3,0,347.0,70,3,69.12,23,,5,0.62,0.25,0.375,0.0,0.375,43.38,8.75,0.375,2.875,2.88,off,30.88,7.12,69.12,0.0
2025,1,LA,9,0,3,4,2,265.0,73,1,78.89,9,,3,0.33,0.0,0.3333333333333333,0.2222222222222222,0.4444444444444444,29.44,8.11,0.1111111111111111,1.0,1.0,def,21.11,7.56,78.89,2.0
2025,1,LA,9,2,0,5,1,296.0,68,3,71.33,14,,2,0.22,0.2222222222222222,0.0,0.1111111111111111,0.5555555555555556,32.89,7.56,0.3333333333333333,1.5555555555555556,1.56,off,28.67,7.56,71.33,1.0
2025,1,LAC,8,2,3,3,0,347.0,70,3,69.12,23,,5,0.62,0.25,0.375,0.0,0.375,43.38,8.75,0.375,2.875,2.88,def,30.88,-7.12,69.12,0.0
2025,1,LAC,8,3,2,2,0,394.0,71,4,76.25,27,,5,0.62,0.375,0.25,0.0,0.25,49.25,8.88,0.5,3.375,3.38,off,23.75,-7.12,76.25,0.0
2025,1,LV,11,1,2,6,1,336.0,84,3,72.73,13,,3,0.27,0.0909090909090909,0.1818181818181818,0.0909090909090909,0.5454545454545454,30.55,7.64,0.2727272727272727,1.181818181818182,1.18,def,27.27,-0.44,72.73,0.9999999999999999
2025,1,LV,12,2,2,5,1,389.0,73,1,73.17,20,,4,0.33,0.1666666666666666,0.1666666666666666,0.0833333333333333,0.4166666666666667,32.42,6.08,0.0833333333333333,1.6666666666666667,1.67,off,26.83,-0.44,73.17,0.9999999999999996
2025,1,MIA,7,3,4,0,0,418.0,78,6,65.71,33,,7,1.0,0.4285714285714285,0.5714285714285714,0.0,0.0,59.71,11.14,0.8571428571428571,4.714285714285714,4.71,def,34.29,-1.0,65.71,0.0
2025,1,MIA,7,1,0,1,3,211.0,48,1,66.71,7,,1,0.14,0.1428571428571428,0.0,0.4285714285714285,0.1428571428571428,30.14,6.86,0.1428571428571428,1.0,1.0,off,33.29,-1.0,66.71,2.9999999999999996
2025,1,MIN,12,2,1,6,1,317.0,80,2,70.0,17,,3,0.25,0.1666666666666666,0.0833333333333333,0.0833333333333333,0.5,26.42,6.67,0.1666666666666666,1.4166666666666667,1.42,def,30.0,0.83,70.0,0.9999999999999996
2025,1,MIN,12,4,2,7,1,254.0,64,3,69.17,34,,6,0.5,0.3333333333333333,0.1666666666666666,0.0833333333333333,0.5833333333333334,21.17,5.33,0.25,2.833333333333333,2.83,off,30.83,0.83,69.17,0.9999999999999996
2025,1,NE,12,2,2,5,1,389.0,73,1,73.17,20,,4,0.33,0.1666666666666666,0.1666666666666666,0.0833333333333333,0.4166666666666667,32.42,6.08,0.0833333333333333,1.6666666666666667,1.67,def,26.83,0.44,73.17,0.9999999999999996
2025,1,NE,11,1,2,6,1,336.0,84,3,72.73,13,,3,0.27,0.0909090909090909,0.1818181818181818,0.0909090909090909,0.5454545454545454,30.55,7.64,0.2727272727272727,1.181818181818182,1.18,off,27.27,0.44,72.73,0.9999999999999999
2025,1,NO,9,2,2,4,0,276.0,75,3,71.22,20,,4,0.44,0.2222222222222222,0.2222222222222222,0.0,0.4444444444444444,30.67,8.33,0.3333333333333333,2.2222222222222223,2.22,def,28.78,1.33,71.22,0.0
2025,1,NO,9,1,2,4,1,315.0,87,5,69.89,13,,3,0.33,0.1111111111111111,0.2222222222222222,0.1111111111111111,0.4444444444444444,35.0,9.67,0.5555555555555556,1.4444444444444444,1.44,off,30.11,1.33,69.89,1.0
2025,1,NYG,10,3,0,5,0,432.0,77,4,74.9,21,,3,0.3,0.3,0.0,0.0,0.5,43.2,7.7,0.4,2.1,2.1,def,25.1,-3.21,74.9,0.0
2025,1,NYG,9,0,2,6,1,231.0,77,2,78.11,6,,2,0.22,0.0,0.2222222222222222,0.1111111111111111,0.6666666666666666,25.67,8.56,0.2222222222222222,0.6666666666666666,0.67,off,21.89,-3.21,78.11,1.0
2025,1,NYJ,10,3,2,4,0,271.0,63,2,67.6,27,,5,0.5,0.3,0.2,0.0,0.4,27.1,6.3,0.2,2.7,2.7,def,32.4,-2.0,67.6,0.0
2025,1,NYJ,10,4,2,2,0,394.0,68,4,69.6,34,,6,0.6,0.4,0.2,0.0,0.2,39.4,6.8,0.4,3.4,3.4,off,30.4,-2.0,69.6,0.0
2025,1,PHI,8,2,2,2,1,307.0,65,3,76.75,20,,4,0.5,0.25,0.25,0.125,0.25,38.38,8.12,0.375,2.5,2.5,def,23.25,4.38,76.75,1.0
2025,1,PHI,8,3,1,3,0,302.0,68,3,72.38,24,,4,0.5,0.375,0.125,0.0,0.375,37.75,8.5,0.375,3.0,3.0,off,27.62,4.38,72.38,0.0
2025,1,PIT,10,4,2,2,0,394.0,68,4,69.6,34,,6,0.6,0.4,0.2,0.0,0.2,39.4,6.8,0.4,3.4,3.4,def,30.4,2.0,69.6,0.0
2025,1,PIT,10,3,2,4,0,271.0,63,2,67.6,27,,5,0.5,0.3,0.2,0.0,0.4,27.1,6.3,0.2,2.7,2.7,off,32.4,2.0,67.6,0.0
2025,1,SEA,10,2,1,2,2,384.0,83,5,74.8,17,,3,0.3,0.2,0.1,0.2,0.2,38.4,8.3,0.5,1.7,1.7,def,25.2,6.2,74.8,2.0
2025,1,SEA,10,1,2,5,2,230.0,60,3,68.6,13,,3,0.3,0.1,0.2,0.2,0.5,23.0,6.0,0.3,1.3,1.3,off,31.4,6.2,68.6,2.0
2025,1,SF,10,1,2,5,2,230.0,60,3,68.6,13,,3,0.3,0.1,0.2,0.2,0.5,23.0,6.0,0.3,1.3,1.3,def,31.4,-6.2,68.6,2.0
2025,1,SF,10,2,1,2,2,384.0,83,5,74.8,17,,3,0.3,0.2,0.1,0.2,0.2,38.4,8.3,0.5,1.7,1.7,off,25.2,-6.2,74.8,2.0
2025,1,TB,10,2,2,3,0,358.0,84,2,72.6,20,,4,0.4,0.2,0.2,0.0,0.3,35.8,8.4,0.2,2.0,2.0,def,27.4,5.4,72.6,0.0
2025,1,TB,10,3,1,4,0,260.0,64,1,67.2,24,,4,0.4,0.3,0.1,0.0,0.4,26.0,6.4,0.1,2.4,2.4,off,32.8,5.4,67.2,0.0
2025,1,TEN,13,2,2,3,3,317.0,84,3,66.77,20,,4,0.31,0.1538461538461538,0.1538461538461538,0.2307692307692307,0.2307692307692307,24.38,6.46,0.2307692307692307,1.5384615384615383,1.54,def,33.23,5.08,66.77,2.999999999999999
2025,1,TEN,13,0,4,7,2,133.0,71,2,61.69,12,,4,0.31,0.0,0.3076923076923077,0.1538461538461538,0.5384615384615384,10.23,5.46,0.1538461538461538,0.9230769230769232,0.92,off,38.31,5.08,61.69,1.9999999999999993
2025,1,WAS,9,0,2,6,1,231.0,77,2,78.11,6,,2,0.22,0.0,0.2222222222222222,0.1111111111111111,0.6666666666666666,25.67,8.56,0.2222222222222222,0.6666666666666666,0.67,def,21.89,3.21,78.11,1.0
2025,1,WAS,10,3,0,5,0,432.0,77,4,74.9,21,,3,0.3,0.3,0.0,0.0,0.5,43.2,7.7,0.4,2.1,2.1,off,25.1,3.21,74.9,0.0
2025,2,ARI,8,4,1,2,2,352.0,89,4,75.88,31,,5,0.62,0.5,0.125,0.25,0.25,44.0,11.12,0.5,3.875,3.88,def,24.12,7.38,75.88,2.0
2025,2,ARI,8,2,2,2,1,293.0,59,4,68.5,20,,4,0.5,0.25,0.25,0.125,0.25,36.62,7.38,0.5,2.5,2.5,off,31.5,7.38,68.5,1.0
2025,2,ATL,9,0,2,4,4,198.0,56,1,74.0,6,,2,0.22,0.0,0.2222222222222222,0.4444444444444444,0.4444444444444444,22.0,6.22,0.1111111111111111,0.6666666666666666,0.67,def,26.0,7.2,74.0,4.0
2025,2,ATL,10,1,5,3,1,326.0,79,5,66.8,22,,6,0.6,0.1,0.5,0.1,0.3,32.6,7.9,0.5,2.2,2.2,off,33.2,7.2,66.8,1.0
2025,2,BAL,11,3,1,6,2,322.0,82,3,68.55,24,,4,0.36,0.2727272727272727,0.0909090909090909,0.1818181818181818,0.5454545454545454,29.27,7.45,0.2727272727272727,2.1818181818181817,2.18,def,31.45,6.82,68.55,1.9999999999999998
2025,2,BAL,11,4,2,5,0,242.0,66,4,61.73,34,,6,0.55,0.3636363636363636,0.1818181818181818,0.0,0.4545454545454545,22.0,6.0,0.3636363636363636,3.090909090909091,3.09,off,38.27,6.82,61.73,0.0
2025,2,BUF,10,1,1,7,1,154.0,56,1,72.5,10,,2,0.2,0.1,0.1,0.1,0.7,15.4,5.6,0.1,1.0,1.0,def,27.5,3.3,72.5,1.0
2025,2,BUF,10,3,3,3,0,403.0,81,4,69.2,30,,6,0.6,0.3,0.3,0.0,0.3,40.3,8.1,0.4,3.0,3.0,off,30.8,3.3,69.2,0.0
2025,2,CAR,8,2,2,2,1,293.0,59,4,68.5,20,,4,0.5,0.25,0.25,0.125,0.25,36.62,7.38,0.5,2.5,2.5,def,31.5,-7.38,68.5,1.0
2025,2,CAR,8,4,1,2,2,352.0,89,4,75.88,31,,5,0.62,0.5,0.125,0.25,0.25,44.0,11.12,0.5,3.875,3.88,off,24.12,-7.38,75.88,2.0
2025,2,CHI,12,7,1,3,0,511.0,64,7,62.33,52,,8,0.67,0.5833333333333334,0.0833333333333333,0.0,0.25,42.58,5.33,0.5833333333333334,4.333333333333333,4.33,def,37.67,-8.83,62.33,0.0
2025,2,CHI,12,3,0,4,3,339.0,74,2,71.17,21,,3,0.25,0.25,0.0,0.25,0.3333333333333333,28.25,6.17,0.1666666666666666,1.75,1.75,off,28.83,-8.83,71.17,3.0
2025,2,CIN,12,3,2,2,3,400.0,76,6,66.0,27,,5,0.42,0.25,0.1666666666666666,0.25,0.1666666666666666,33.33,6.33,0.5,2.25,2.25,def,34.0,-2.45,66.0,3.0
2025,2,CIN,11,4,1,3,3,350.0,73,4,68.45,31,,5,0.45,0.3636363636363636,0.0909090909090909,0.2727272727272727,0.2727272727272727,31.82,6.64,0.3636363636363636,2.8181818181818183,2.82,off,31.55,-2.45,68.45,3.0
2025,2,CLE,11,4,2,5,0,242.0,66,4,61.73,34,,6,0.55,0.3636363636363636,0.1818181818181818,0.0,0.4545454545454545,22.0,6.0,0.3636363636363636,3.090909090909091,3.09,def,38.27,-6.82,61.73,0.0
2025,2,CLE,11,3,1,6,2,322.0,82,3,68.55,24,,4,0.36,0.2727272727272727,0.0909090909090909,0.1818181818181818,0.5454545454545454,29.27,7.45,0.2727272727272727,2.1818181818181817,2.18,off,31.45,-6.82,68.55,1.9999999999999998
2025,2,DAL,12,4,3,3,1,506.0,77,5,68.5,37,,7,0.58,0.3333333333333333,0.25,0.0833333333333333,0.25,42.17,6.42,0.4166666666666667,3.083333333333333,3.08,def,31.5,-5.08,68.5,0.9999999999999996
2025,2,DAL,12,4,4,4,1,478.0,101,3,73.58,40,,8,0.67,0.3333333333333333,0.3333333333333333,0.0833333333333333,0.3333333333333333,39.83,8.42,0.25,3.333333333333333,3.33,off,26.42,-5.08,73.58,0.9999999999999996
2025,2,DEN,10,2,5,0,0,473.0,78,6,78.4,29,,7,0.7,0.2,0.5,0.0,0.0,47.3,7.8,0.6,2.9,2.9,def,21.6,16.84,78.4,0.0
2025,2,DEN,9,4,0,3,1,324.0,64,3,61.56,28,,4,0.44,0.4444444444444444,0.0,0.1111111111111111,0.3333333333333333,36.0,7.11,0.3333333333333333,3.111111111111111,3.11,off,38.44,16.84,61.56,1.0
2025,2,DET,12,3,0,4,3,339.0,74,2,71.17,21,,3,0.25,0.25,0.0,0.25,0.3333333333333333,28.25,6.17,0.1666666666666666,1.75,1.75,def,28.83,8.83,71.17,3.0
2025,2,DET,12,7,1,3,0,511.0,64,7,62.33,52,,8,0.67,0.5833333333333334,0.0833333333333333,0.0,0.25,42.58,5.33,0.5833333333333334,4.333333333333333,4.33,off,37.67,8.83,62.33,0.0
2025,2,GB,11,2,1,4,0,230.0,77,2,62.82,17,,3,0.27,0.1818181818181818,0.0909090909090909,0.0,0.3636363636363636,20.91,7.0,0.1818181818181818,1.5454545454545454,1.55,def,37.18,-3.85,62.82,0.0
2025,2,GB,12,3,2,4,0,404.0,77,4,66.67,27,,5,0.42,0.25,0.1666666666666666,0.0,0.3333333333333333,33.67,6.42,0.3333333333333333,2.25,2.25,off,33.33,-3.85,66.67,0.0
2025,2,HOU,10,3,0,6,0,360.0,88,4,79.6,21,,3,0.3,0.3,0.0,0.0,0.6,36.0,8.8,0.4,2.1,2.1,def,20.4,16.7,79.6,0.0
2025,2,HOU,10,2,2,4,0,266.0,54,2,62.9,20,,4,0.4,0.2,0.2,0.0,0.4,26.6,5.4,0.2,2.0,2.0,off,37.1,16.7,62.9,0.0
2025,2,IND,9,4,0,3,1,324.0,64,3,61.56,28,,4,0.44,0.4444444444444444,0.0,0.1111111111111111,0.3333333333333333,36.0,7.11,0.3333333333333333,3.111111111111111,3.11,def,38.44,-16.84,61.56,1.0
2025,2,IND,10,2,5,0,0,473.0,78,6,78.4,29,,7,0.7,0.2,0.5,0.0,0.0,47.3,7.8,0.6,2.9,2.9,off,21.6,-16.84,78.4,0.0
2025,2,JAX,11,4,1,3,3,350.0,73,4,68.45,31,,5,0.45,0.3636363636363636,0.0909090909090909,0.2727272727272727,0.2727272727272727,31.82,6.64,0.3636363636363636,2.8181818181818183,2.82,def,31.55,2.45,68.45,3.0
2025,2,JAX,12,3,2,2,3,400.0,76,6,66.0,27,,5,0.42,0.25,0.1666666666666666,0.25,0.1666666666666666,33.33,6.33,0.5,2.25,2.25,off,34.0,2.45,66.0,3.0
2025,2,KC,10,2,2,5,0,216.0,72,2,66.1,20,,4,0.4,0.2,0.2,0.0,0.5,21.6,7.2,0.2,2.0,2.0,def,33.9,-7.68,66.1,0.0
2025,2,KC,9,2,1,3,1,294.0,66,2,73.78,17,,3,0.33,0.2222222222222222,0.1111111111111111,0.1111111111111111,0.3333333333333333,32.67,7.33,0.2222222222222222,1.8888888888888888,1.89,off,26.22,-7.68,73.78,1.0
2025,2,LA,11,1,4,5,1,252.0,79,3,71.18,19,,5,0.45,0.0909090909090909,0.3636363636363636,0.0909090909090909,0.4545454545454545,22.91,7.18,0.2727272727272727,1.7272727272727273,1.73,def,28.82,4.55,71.18,0.9999999999999999
2025,2,LA,11,4,2,3,1,439.0,68,6,66.64,34,,6,0.55,0.3636363636363636,0.1818181818181818,0.0909090909090909,0.2727272727272727,39.91,6.18,0.5454545454545454,3.090909090909091,3.09,off,33.36,4.55,66.64,0.9999999999999999
2025,2,LAC,10,0,3,2,3,218.0,75,3,72.4,9,,3,0.3,0.0,0.3,0.3,0.2,21.8,7.5,0.3,0.9,0.9,def,27.6,8.1,72.4,3.0
2025,2,LAC,10,2,2,3,1,317.0,64,4,64.3,20,,4,0.4,0.2,0.2,0.1,0.3,31.7,6.4,0.4,2.0,2.0,off,35.7,8.1,64.3,1.0
2025,2,LV,10,2,2,3,1,317.0,64,4,64.3,20,,4,0.4,0.2,0.2,0.1,0.3,31.7,6.4,0.4,2.0,2.0,def,35.7,-8.1,64.3,1.0
2025,2,LV,10,0,3,2,3,218.0,75,3,72.4,9,,3,0.3,0.0,0.3,0.3,0.2,21.8,7.5,0.3,0.9,0.9,off,27.6,-8.1,72.4,3.0
2025,2,MIA,9,4,2,2,0,333.0,68,4,73.67,34,,6,0.67,0.4444444444444444,0.2222222222222222,0.0,0.2222222222222222,37.0,7.56,0.4444444444444444,3.7777777777777777,3.78,def,26.33,1.42,73.67,0.0
2025,2,MIA,8,2,2,2,2,358.0,65,2,72.25,20,,4,0.5,0.25,0.25,0.25,0.25,44.75,8.12,0.25,2.5,2.5,off,27.75,1.42,72.25,2.0
2025,2,MIN,10,1,5,3,1,326.0,79,5,66.8,22,,6,0.6,0.1,0.5,0.1,0.3,32.6,7.9,0.5,2.2,2.2,def,33.2,-7.2,66.8,1.0
2025,2,MIN,9,0,2,4,4,198.0,56,1,74.0,6,,2,0.22,0.0,0.2222222222222222,0.4444444444444444,0.4444444444444444,22.0,6.22,0.1111111111111111,0.6666666666666666,0.67,off,26.0,-7.2,74.0,4.0
2025,2,NE,8,2,2,2,2,358.0,65,2,72.25,20,,4,0.5,0.25,0.25,0.25,0.25,44.75,8.12,0.25,2.5,2.5,def,27.75,-1.42,72.25,2.0
2025,2,NE,9,4,2,2,0,333.0,68,4,73.67,34,,6,0.67,0.4444444444444444,0.2222222222222222,0.0,0.2222222222222222,37.0,7.56,0.4444444444444444,3.7777777777777777,3.78,off,26.33,-1.42,73.67,0.0
2025,2,NO,11,3,2,4,1,344.0,78,2,65.36,27,,5,0.45,0.2727272727272727,0.1818181818181818,0.0909090909090909,0.3636363636363636,31.27,7.09,0.1818181818181818,2.4545454545454546,2.45,def,34.64,-5.45,65.36,0.9999999999999999
2025,2,NO,11,3,0,4,1,307.0,76,3,70.82,21,,3,0.27,0.2727272727272727,0.0,0.0909090909090909,0.3636363636363636,27.91,6.91,0.2727272727272727,1.9090909090909087,1.91,off,29.18,-5.45,70.82,0.9999999999999999
2025,2,NYG,12,4,4,4,1,478.0,101,3,73.58,40,,8,0.67,0.3333333333333333,0.3333333333333333,0.0833333333333333,0.3333333333333333,39.83,8.42,0.25,3.333333333333333,3.33,def,26.42,5.08,73.58,0.9999999999999996
2025,2,NYG,12,4,3,3,1,506.0,77,5,68.5,37,,7,0.58,0.3333333333333333,0.25,0.0833333333333333,0.25,42.17,6.42,0.4166666666666667,3.083333333333333,3.08,off,31.5,5.08,68.5,0.9999999999999996
2025,2,NYJ,10,3,3,3,0,403.0,81,4,69.2,30,,6,0.6,0.3,0.3,0.0,0.3,40.3,8.1,0.4,3.0,3.0,def,30.8,-3.3,69.2,0.0
2025,2,NYJ,10,1,1,7,1,154.0,56,1,72.5,10,,2,0.2,0.1,0.1,0.1,0.7,15.4,5.6,0.1,1.0,1.0,off,27.5,-3.3,72.5,1.0
2025,2,PHI,9,2,1,3,1,294.0,66,2,73.78,17,,3,0.33,0.2222222222222222,0.1111111111111111,0.1111111111111111,0.3333333333333333,32.67,7.33,0.2222222222222222,1.8888888888888888,1.89,def,26.22,7.68,73.78,1.0
2025,2,PHI,10,2,2,5,0,216.0,72,2,66.1,20,,4,0.4,0.2,0.2,0.0,0.5,21.6,7.2,0.2,2.0,2.0,off,33.9,7.68,66.1,0.0
2025,2,PIT,11,3,1,4,2,395.0,71,3,70.82,24,,4,0.36,0.2727272727272727,0.0909090909090909,0.1818181818181818,0.3636363636363636,35.91,6.45,0.2727272727272727,2.1818181818181817,2.18,def,29.18,3.45,70.82,1.9999999999999998
2025,2,PIT,11,1,3,4,2,267.0,68,2,67.36,16,,4,0.36,0.0909090909090909,0.2727272727272727,0.1818181818181818,0.3636363636363636,24.27,6.18,0.1818181818181818,1.4545454545454546,1.45,off,32.64,3.45,67.36,1.9999999999999998
2025,2,SEA,11,1,3,4,2,267.0,68,2,67.36,16,,4,0.36,0.0909090909090909,0.2727272727272727,0.1818181818181818,0.3636363636363636,24.27,6.18,0.1818181818181818,1.4545454545454546,1.45,def,32.64,-3.45,67.36,1.9999999999999998
2025,2,SEA,11,3,1,4,2,395.0,71,3,70.82,24,,4,0.36,0.2727272727272727,0.0909090909090909,0.1818181818181818,0.3636363636363636,35.91,6.45,0.2727272727272727,2.1818181818181817,2.18,off,29.18,-3.45,70.82,1.9999999999999998
2025,2,SF,11,3,0,4,1,307.0,76,3,70.82,21,,3,0.27,0.2727272727272727,0.0,0.0909090909090909,0.3636363636363636,27.91,6.91,0.2727272727272727,1.9090909090909087,1.91,def,29.18,5.45,70.82,0.9999999999999999
2025,2,SF,11,3,2,4,1,344.0,78,2,65.36,27,,5,0.45,0.2727272727272727,0.1818181818181818,0.0909090909090909,0.3636363636363636,31.27,7.09,0.1818181818181818,2.4545454545454546,2.45,off,34.64,5.45,65.36,0.9999999999999999
2025,2,TB,10,2,2,4,0,266.0,54,2,62.9,20,,4,0.4,0.2,0.2,0.0,0.4,26.6,5.4,0.2,2.0,2.0,def,37.1,-16.7,62.9,0.0
2025,2,TB,10,3,0,6,0,360.0,88,4,79.6,21,,3,0.3,0.3,0.0,0.0,0.6,36.0,8.8,0.4,2.1,2.1,off,20.4,-16.7,79.6,0.0
2025,2,TEN,11,4,2,3,1,439.0,68,6,66.64,34,,6,0.55,0.3636363636363636,0.1818181818181818,0.0909090909090909,0.2727272727272727,39.91,6.18,0.5454545454545454,3.090909090909091,3.09,def,33.36,-4.55,66.64,0.9999999999999999
2025,2,TEN,11,1,4,5,1,252.0,79,3,71.18,19,,5,0.45,0.0909090909090909,0.3636363636363636,0.0909090909090909,0.4545454545454545,22.91,7.18,0.2727272727272727,1.7272727272727273,1.73,off,28.82,-4.55,71.18,0.9999999999999999
2025,2,WAS,12,3,2,4,0,404.0,77,4,66.67,27,,5,0.42,0.25,0.1666666666666666,0.0,0.3333333333333333,33.67,6.42,0.3333333333333333,2.25,2.25,def,33.33,3.85,66.67,0.0
2025,2,WAS,11,2,1,4,0,230.0,77,2,62.82,17,,3,0.27,0.1818181818181818,0.0909090909090909,0.0,0.3636363636363636,20.91,7.0,0.1818181818181818,1.5454545454545454,1.55,off,37.18,3.85,62.82,0.0
2025,3,BUF,9,3,0,4,1,276.0,65,3,67.44,21,,3,0.33,0.3333333333333333,0.0,0.1111111111111111,0.4444444444444444,30.67,7.22,0.3333333333333333,2.333333333333333,2.33,def,32.56,-4.93,67.44,1.0
2025,3,BUF,8,4,1,2,0,360.0,65,5,72.38,31,,5,0.62,0.5,0.125,0.0,0.25,45.0,8.12,0.625,3.875,3.88,off,27.62,-4.93,72.38,0.0
2025,3,MIA,8,4,1,2,0,360.0,65,5,72.38,31,,5,0.62,0.5,0.125,0.0,0.25,45.0,8.12,0.625,3.875,3.88,def,27.62,4.93,72.38,0.0
2025,3,MIA,9,3,0,4,1,276.0,65,3,67.44,21,,3,0.33,0.3333333333333333,0.0,0.1111111111111111,0.4444444444444444,30.67,7.22,0.3333333333333333,2.333333333333333,2.33,off,32.56,4.93,67.44,1.0
