season,week,team,side,plays,successes,sr,epa_per_play
2024,1,ARI,def,27,16,0.592593,-0.10395563210584913
2024,1,ARI,off,24,12,0.5,-0.008952516163844848
2024,1,ATL,def,25,12,0.48,-0.08173913366756728
2024,1,ATL,off,24,17,0.708333,-0.29500720604604186
2024,1,BAL,def,26,17,0.653846,0.16392803771081021
2024,1,BAL,off,32,19,0.59375,-0.05809082463201776
2024,1,BUF,def,24,12,0.5,-0.008952516163844848
2024,1,BUF,off,27,16,0.592593,-0.10395563210584913
2024,1,CAR,def,28,20,0.714286,0.2686012935695804
2024,1,CAR,off,23,11,0.478261,-0.29161210879195937
2024,1,CHI,def,26,14,0.538462,0.1532494573184522
2024,1,CHI,off,20,14,0.7,-0.07956454570376081
2024,1,CIN,def,25,12,0.48,-0.060949981529265645
2024,1,CIN,off,19,12,0.631579,0.05832338645613115
2024,1,CLE,def,26,10,0.384615,-0.10957552676084631
2024,1,CLE,off,26,9,0.346154,-0.19912286988535646
2024,1,DAL,def,26,9,0.346154,-0.19912286988535646
2024,1,DAL,off,26,10,0.384615,-0.10957552676084631
2024,1,DEN,def,28,12,0.428571,-0.05837971680739429
2024,1,DEN,off,27,10,0.37037,-0.0957876365440914
2024,1,DET,def,34,19,0.558824,0.03350352491200764
2024,1,DET,off,28,19,0.678571,0.2691404031679018
2024,1,GB,def,32,12,0.375,-0.10884375856221595
2024,1,GB,off,27,16,0.592593,0.34779998065830486
2024,1,HOU,def,18,9,0.5,0.3835593591082013
2024,1,HOU,off,32,19,0.59375,-0.006732587536134815
2024,1,IND,def,32,19,0.59375,-0.006732587536134815
2024,1,IND,off,18,9,0.5,0.3835593591082013
2024,1,JAX,def,26,12,0.461538,0.220435948330515
2024,1,JAX,off,24,16,0.666667,-0.07676895905266672
2024,1,KC,def,32,19,0.59375,-0.05809082463201776
2024,1,KC,off,26,17,0.653846,0.16392803771081021
2024,1,LA,def,28,19,0.678571,0.2691404031679018
2024,1,LA,off,34,19,0.558824,0.03350352491200764
2024,1,LAC,def,27,16,0.592593,-0.2777022249022223
2024,1,LAC,off,21,10,0.47619,0.06367756602066081
2024,1,LV,def,21,10,0.47619,0.06367756602066081
2024,1,LV,off,27,16,0.592593,-0.2777022249022223
2024,1,MIA,def,24,16,0.666667,-0.07676895905266672
2024,1,MIA,off,26,12,0.461538,0.220435948330515
2024,1,MIN,def,25,11,0.44,-0.4592295875027776
2024,1,MIN,off,23,13,0.565217,0.0772028154637867
2024,1,NE,def,19,12,0.631579,0.05832338645613115
2024,1,NE,off,25,12,0.48,-0.060949981529265645
2024,1,NO,def,23,11,0.478261,-0.29161210879195937
2024,1,NO,off,28,20,0.714286,0.2686012935695804
2024,1,NYG,def,23,13,0.565217,0.0772028154637867
2024,1,NYG,off,25,11,0.44,-0.4592295875027776
2024,1,NYJ,def,32,14,0.4375,-0.0015807569407115807
2024,1,NYJ,off,20,10,0.5,-0.16384249721304514
2024,1,PHI,def,27,16,0.592593,0.34779998065830486
2024,1,PHI,off,32,12,0.375,-0.10884375856221595
2024,1,PIT,def,24,17,0.708333,-0.29500720604604186
2024,1,PIT,off,25,12,0.48,-0.08173913366756728
2024,1,SEA,def,27,10,0.37037,-0.0957876365440914
2024,1,SEA,off,28,12,0.428571,-0.05837971680739429
2024,1,SF,def,20,10,0.5,-0.16384249721304514
2024,1,SF,off,32,14,0.4375,-0.0015807569407115807
2024,1,TB,def,26,14,0.538462,0.07328916027080805
2024,1,TB,off,25,14,0.56,-0.010318872146308422
2024,1,TEN,def,20,14,0.7,-0.07956454570376081
2024,1,TEN,off,26,14,0.538462,0.1532494573184522
2024,1,WAS,def,25,14,0.56,-0.010318872146308422
2024,1,WAS,off,26,14,0.538462,0.07328916027080805
2024,2,ARI,def,23,12,0.521739,0.32372869497656054
2024,2,ARI,off,28,13,0.464286,0.07096712095829259
2024,2,ATL,def,30,18,0.6,-0.04651706061073734
2024,2,ATL,off,26,17,0.653846,0.300979185336753
2024,2,BAL,def,26,11,0.423077,-0.1469397243513063
2024,2,BAL,off,28,16,0.571429,0.0017978503466500634
2024,2,BUF,def,29,11,0.37931,-0.2985980969950043
2024,2,BUF,off,17,7,0.411765,0.24704947383040288
2024,2,CAR,def,27,16,0.592593,-0.03371667603992305
2024,2,CAR,off,18,10,0.555556,-0.24263609118255167
2024,2,CHI,def,26,7,0.269231,-0.43513339188461714
2024,2,CHI,off,25,11,0.44,-0.10943450048216619
2024,2,CIN,def,26,17,0.653846,-0.05901388814695215
2024,2,CIN,off,26,15,0.576923,0.2149429772129784
2024,2,CLE,def,26,14,0.538462,0.03779865419738389
2024,2,CLE,off,25,9,0.36,-0.1228901045350358
2024,2,DAL,def,27,15,0.555556,0.25391687752454783
2024,2,DAL,off,28,12,0.428571,-0.2794543829742387
2024,2,DEN,def,24,7,0.291667,-0.18800358410347448
2024,2,DEN,off,24,12,0.5,0.09188152360608608
2024,2,DET,def,22,11,0.5,0.28030566933871753
2024,2,DET,off,33,19,0.575758,-0.10214300294209158
2024,2,GB,def,26,13,0.5,0.12472895351731075
2024,2,GB,off,28,10,0.357143,-0.3621455815487674
2024,2,HOU,def,25,11,0.44,-0.10943450048216619
2024,2,HOU,off,26,7,0.269231,-0.43513339188461714
2024,2,IND,def,28,10,0.357143,-0.3621455815487674
2024,2,IND,off,26,13,0.5,0.12472895351731075
2024,2,JAX,def,25,9,0.36,-0.1228901045350358
2024,2,JAX,off,26,14,0.538462,0.03779865419738389
2024,2,KC,def,26,15,0.576923,0.2149429772129784
2024,2,KC,off,26,17,0.653846,-0.05901388814695215
2024,2,LA,def,28,13,0.464286,0.07096712095829259
2024,2,LA,off,23,12,0.521739,0.32372869497656054
2024,2,LAC,def,18,10,0.555556,-0.24263609118255167
2024,2,LAC,off,27,16,0.592593,-0.03371667603992305
2024,2,LV,def,28,16,0.571429,0.0017978503466500634
2024,2,LV,off,26,11,0.423077,-0.1469397243513063
2024,2,MIA,def,17,7,0.411765,0.24704947383040288
2024,2,MIA,off,29,11,0.37931,-0.2985980969950043
2024,2,MIN,def,30,16,0.533333,0.04721430747498137
2024,2,MIN,off,23,13,0.565217,-0.3124527319362286
2024,2,NE,def,26,14,0.538462,-0.17524114166305102
2024,2,NE,off,28,13,0.464286,0.03513729459103031
2024,2,NO,def,28,12,0.428571,-0.2794543829742387
2024,2,NO,off,27,15,0.555556,0.25391687752454783
2024,2,NYG,def,29,14,0.482759,-0.10982804399200491
2024,2,NYG,off,22,10,0.454545,-0.05823139106558466
2024,2,NYJ,def,26,10,0.384615,-0.12948502621237332
2024,2,NYJ,off,23,11,0.478261,-0.03383755526738241
2024,2,PHI,def,26,17,0.653846,0.300979185336753
2024,2,PHI,off,30,18,0.6,-0.04651706061073734
2024,2,PIT,def,24,12,0.5,0.09188152360608608
2024,2,PIT,off,24,7,0.291667,-0.18800358410347448
2024,2,SEA,def,28,13,0.464286,0.03513729459103031
2024,2,SEA,off,26,14,0.538462,-0.17524114166305102
2024,2,SF,def,23,13,0.565217,-0.3124527319362286
2024,2,SF,off,30,16,0.533333,0.04721430747498137
2024,2,TB,def,33,19,0.575758,-0.10214300294209158
2024,2,TB,off,22,11,0.5,0.28030566933871753
2024,2,TEN,def,23,11,0.478261,-0.03383755526738241
2024,2,TEN,off,26,10,0.384615,-0.12948502621237332
2024,2,WAS,def,22,10,0.454545,-0.05823139106558466
2024,2,WAS,off,29,14,0.482759,-0.10982804399200491
2024,3,ARI,def,30,19,0.633333,0.24291264837859974
2024,3,ARI,off,26,14,0.538462,0.17090714421087447
2024,3,ATL,def,29,18,0.62069,0.11594578592660676
2024,3,ATL,off,24,11,0.458333,-0.118641111850593
2024,3,BAL,def,33,13,0.393939,-0.18895371298827796
2024,3,BAL,off,29,18,0.62069,0.29333151389788514
2024,3,BUF,def,27,12,0.444444,-0.1580983150828009
2024,3,BUF,off,27,13,0.481481,0.12873256605019345
2024,3,CAR,def,27,14,0.518519,-0.11653550890063073
2024,3,CAR,off,31,17,0.548387,0.11136583464160081
2024,3,CHI,def,23,11,0.478261,-0.0023197359582611725
2024,3,CHI,off,34,15,0.441176,-0.28719914624012105
2024,3,CIN,def,23,10,0.434783,0.05366542272689833
2024,3,CIN,off,32,20,0.625,0.3305944032372281
2024,3,CLE,def,31,18,0.580645,0.24029487108571396
2024,3,CLE,off,27,11,0.407407,-0.33740988173478936
2024,3,DAL,def,29,18,0.62069,0.29333151389788514
2024,3,DAL,off,33,13,0.393939,-0.18895371298827796
2024,3,DEN,def,24,14,0.583333,0.04339562382422931
2024,3,DEN,off,26,17,0.653846,0.03215067132931346
2024,3,DET,def,26,14,0.538462,0.17090714421087447
2024,3,DET,off,30,19,0.633333,0.24291264837859974
2024,3,GB,def,26,14,0.538462,-0.29363978936005597
2024,3,GB,off,25,14,0.56,0.0538615377061069
2024,3,HOU,def,24,12,0.5,0.063233722774991
2024,3,HOU,off,26,11,0.423077,-0.26791610003252014
2024,3,IND,def,34,15,0.441176,-0.28719914624012105
2024,3,IND,off,23,11,0.478261,-0.0023197359582611725
2024,3,JAX,def,27,13,0.481481,0.12873256605019345
2024,3,JAX,off,27,12,0.444444,-0.1580983150828009
2024,3,KC,def,24,11,0.458333,-0.118641111850593
2024,3,KC,off,29,18,0.62069,0.11594578592660676
2024,3,LA,def,30,18,0.6,0.09858048988486795
2024,3,LA,off,24,15,0.625,0.06001580515368876
2024,3,LAC,def,26,10,0.384615,-0.45720382331637666
2024,3,LAC,off,19,7,0.368421,-0.18990678254416898
2024,3,LV,def,31,17,0.548387,0.11136583464160081
2024,3,LV,off,27,14,0.518519,-0.11653550890063073
2024,3,MIA,def,29,16,0.551724,0.2835898943464191
2024,3,MIA,off,26,16,0.615385,0.2133158217307377
2024,3,MIN,def,26,11,0.423077,-0.26791610003252014
2024,3,MIN,off,24,12,0.5,0.063233722774991
2024,3,NE,def,31,19,0.612903,0.041139588966372334
2024,3,NE,off,20,7,0.35,-0.6148452767025446
2024,3,NO,def,27,16,0.592593,0.24845361262365864
2024,3,NO,off,20,7,0.35,-0.5032376317481976
2024,3,NYG,def,27,11,0.407407,-0.33740988173478936
2024,3,NYG,off,31,18,0.580645,0.24029487108571396
2024,3,NYJ,def,20,7,0.35,-0.6148452767025446
2024,3,NYJ,off,31,19,0.612903,0.041139588966372334
2024,3,PHI,def,20,7,0.35,-0.5032376317481976
2024,3,PHI,off,27,16,0.592593,0.24845361262365864
2024,3,PIT,def,19,7,0.368421,-0.18990678254416898
2024,3,PIT,off,26,10,0.384615,-0.45720382331637666
2024,3,SEA,def,26,16,0.615385,0.2133158217307377
2024,3,SEA,off,29,16,0.551724,0.2835898943464191
2024,3,SF,def,24,15,0.625,0.06001580515368876
2024,3,SF,off,30,18,0.6,0.09858048988486795
2024,3,TB,def,26,17,0.653846,0.03215067132931346
2024,3,TB,off,24,14,0.583333,0.04339562382422931
2024,3,TEN,def,25,14,0.56,0.0538615377061069
2024,3,TEN,off,26,14,0.538462,-0.29363978936005597
2024,3,WAS,def,32,20,0.625,0.3305944032372281
2024,3,WAS,off,23,10,0.434783,0.05366542272689833
2024,4,ARI,def,30,18,0.6,0.01656291891898339
2024,4,ARI,off,25,15,0.6,-0.10241819300921634
2024,4,ATL,def,30,19,0.633333,0.13905877974175382
2024,4,ATL,off,23,11,0.478261,0.04297355637865384
2024,4,BAL,def,22,11,0.5,-0.11185087958107363
2024,4,BAL,off,27,14,0.518519,0.09249402775916409
2024,4,BUF,def,27,14,0.518519,0.09249402775916409
2024,4,BUF,off,22,11,0.5,-0.11185087958107363
2024,4,CAR,def,28,14,0.5,0.08263386252552404
2024,4,CAR,off,30,16,0.533333,0.2380295381687271
2024,4,CHI,def,28,14,0.5,-0.16948940312327718
2024,4,CHI,off,23,12,0.521739,0.06508258086978458
2024,4,CIN,def,30,16,0.533333,0.2380295381687271
2024,4,CIN,off,28,14,0.5,0.08263386252552404
2024,4,CLE,def,25,9,0.36,-0.027620954064186663
2024,4,CLE,off,23,9,0.391304,-0.2894543330514115
2024,4,DAL,def,24,12,0.5,0.02267472263095745
2024,4,DAL,off,20,14,0.7,0.24770367657474707
2024,4,DEN,def,29,13,0.448276,-0.053247340651758915
2024,4,DEN,off,22,8,0.363636,-0.1396032726042904
2024,4,DET,def,41,23,0.560976,-0.1563617080918468
2024,4,DET,off,24,14,0.583333,0.4291781973685526
2024,4,GB,def,29,18,0.62069,0.4636944853018263
2024,4,GB,off,35,17,0.485714,-0.21138926286782536
2024,4,HOU,def,26,14,0.538462,0.10198573571128342
2024,4,HOU,off,33,19,0.575758,0.10061265014743598
2024,4,IND,def,30,17,0.566667,-0.182287673165168
2024,4,IND,off,29,12,0.413793,0.06695360090414962
2024,4,JAX,def,33,19,0.575758,0.10061265014743598
2024,4,JAX,off,26,14,0.538462,0.10198573571128342
2024,4,KC,def,21,7,0.333333,-0.27570701515789897
2024,4,KC,off,23,14,0.608696,-0.3366479882287145
2024,4,LA,def,23,12,0.521739,0.06508258086978458
2024,4,LA,off,28,14,0.5,-0.16948940312327718
2024,4,LAC,def,23,14,0.608696,-0.3366479882287145
2024,4,LAC,off,21,7,0.333333,-0.27570701515789897
2024,4,LV,def,23,9,0.391304,-0.2894543330514115
2024,4,LV,off,25,9,0.36,-0.027620954064186663
2024,4,MIA,def,26,13,0.5,-0.03276547635547244
2024,4,MIA,off,24,11,0.458333,-0.11052225187692481
2024,4,MIN,def,35,17,0.485714,-0.21138926286782536
2024,4,MIN,off,29,18,0.62069,0.4636944853018263
2024,4,NE,def,26,15,0.576923,0.23963238773509288
2024,4,NE,off,23,9,0.391304,-0.36112877021229867
2024,4,NO,def,23,11,0.478261,0.04297355637865384
2024,4,NO,off,30,19,0.633333,0.13905877974175382
2024,4,NYG,def,20,14,0.7,0.24770367657474707
2024,4,NYG,off,24,12,0.5,0.02267472263095745
2024,4,NYJ,def,22,8,0.363636,-0.1396032726042904
2024,4,NYJ,off,29,13,0.448276,-0.053247340651758915
2024,4,PHI,def,35,20,0.571429,0.21277673411116535
2024,4,PHI,off,22,12,0.545455,-0.03998719339804004
2024,4,PIT,def,29,12,0.413793,0.06695360090414962
2024,4,PIT,off,30,17,0.566667,-0.182287673165168
2024,4,SEA,def,24,14,0.583333,0.4291781973685526
2024,4,SEA,off,41,23,0.560976,-0.1563617080918468
2024,4,SF,def,23,9,0.391304,-0.36112877021229867
2024,4,SF,off,26,15,0.576923,0.23963238773509288
2024,4,TB,def,22,12,0.545455,-0.03998719339804004
2024,4,TB,off,35,20,0.571429,0.21277673411116535
2024,4,TEN,def,24,11,0.458333,-0.11052225187692481
2024,4,TEN,off,26,13,0.5,-0.03276547635547244
2024,4,WAS,def,25,15,0.6,-0.10241819300921634
2024,4,WAS,off,30,18,0.6,0.01656291891898339
2024,5,ARI,def,30,13,0.433333,-0.35368205459866053
2024,5,ARI,off,26,13,0.5,0.2272134082181415
2024,5,ATL,def,26,16,0.615385,0.2198712765295148
2024,5,ATL,off,34,14,0.411765,0.01271475023446221
2024,5,BAL,def,30,16,0.533333,0.34934085404189924
2024,5,BAL,off,35,18,0.514286,0.03759076231524655
2024,5,BUF,def,29,14,0.482759,0.18350621226025102
2024,5,BUF,off,25,9,0.36,-0.10747724314569496
2024,5,CAR,def,30,18,0.6,0.08088340795560119
2024,5,CAR,off,25,14,0.56,0.25177495053553417
2024,5,CHI,def,25,14,0.56,0.25177495053553417
2024,5,CHI,off,30,18,0.6,0.08088340795560119
2024,5,CIN,def,35,18,0.514286,0.03759076231524655
2024,5,CIN,off,30,16,0.533333,0.34934085404189924
2024,5,CLE,def,26,11,0.423077,-0.2560671963337182
2024,5,CLE,off,24,12,0.5,-0.016590013105693895
2024,5,DAL,def,22,12,0.545455,-0.010651073906708254
2024,5,DAL,off,32,16,0.5,-0.09631111001817771
2024,5,DEN,def,28,8,0.285714,-0.476943222546002
2024,5,DEN,off,24,13,0.541667,-0.015058265870417623
2024,5,GB,def,30,19,0.633333,0.08500265878392384
2024,5,GB,off,26,14,0.538462,-0.041840353123216815
2024,5,HOU,def,25,9,0.36,-0.10747724314569496
2024,5,HOU,off,29,14,0.482759,0.18350621226025102
2024,5,IND,def,27,17,0.62963,0.4098284830688499
2024,5,IND,off,32,18,0.5625,0.4101776038432945
2024,5,JAX,def,32,18,0.5625,0.4101776038432945
2024,5,JAX,off,27,17,0.62963,0.4098284830688499
2024,5,KC,def,20,5,0.25,-0.352907751550083
2024,5,KC,off,34,23,0.676471,0.05651798529759296
2024,5,LA,def,26,14,0.538462,-0.041840353123216815
2024,5,LA,off,30,19,0.633333,0.08500265878392384
2024,5,LV,def,24,13,0.541667,-0.015058265870417623
2024,5,LV,off,28,8,0.285714,-0.476943222546002
2024,5,MIA,def,23,11,0.478261,0.13309920066714528
2024,5,MIA,off,35,17,0.485714,0.030314735546042876
2024,5,MIN,def,28,12,0.428571,-0.09983578068204224
2024,5,MIN,off,29,10,0.344828,-0.3292761705314002
2024,5,NE,def,35,17,0.485714,0.030314735546042876
2024,5,NE,off,23,11,0.478261,0.13309920066714528
2024,5,NO,def,34,23,0.676471,0.05651798529759296
2024,5,NO,off,20,5,0.25,-0.352907751550083
2024,5,NYG,def,26,15,0.576923,0.16649138019571252
2024,5,NYG,off,32,20,0.625,0.32323857635856257
2024,5,NYJ,def,29,10,0.344828,-0.3292761705314002
2024,5,NYJ,off,28,12,0.428571,-0.09983578068204224
2024,5,PIT,def,32,16,0.5,-0.09631111001817771
2024,5,PIT,off,22,12,0.545455,-0.010651073906708254
2024,5,SEA,def,32,20,0.625,0.32323857635856257
2024,5,SEA,off,26,15,0.576923,0.16649138019571252
2024,5,SF,def,26,13,0.5,0.2272134082181415
2024,5,SF,off,30,13,0.433333,-0.35368205459866053
2024,5,TB,def,34,14,0.411765,0.01271475023446221
2024,5,TB,off,26,16,0.615385,0.2198712765295148
2024,5,WAS,def,24,12,0.5,-0.016590013105693895
2024,5,WAS,off,26,11,0.423077,-0.2560671963337182
2024,6,ARI,def,30,16,0.533333,0.08199620303348638
2024,6,ARI,off,25,13,0.52,0.004225150253623724
2024,6,ATL,def,29,13,0.448276,-0.21216430264657588
2024,6,ATL,off,31,20,0.645161,0.2883882344336129
2024,6,BAL,def,25,14,0.56,0.10515677513358884
2024,6,BAL,off,32,19,0.59375,0.1686704136463959
2024,6,BUF,def,27,11,0.407407,0.20320610201883096
2024,6,BUF,off,26,14,0.538462,0.1688277814671612
2024,6,CAR,def,31,20,0.645161,0.2883882344336129
2024,6,CAR,off,29,13,0.448276,-0.21216430264657588
2024,6,CHI,def,24,12,0.5,-0.09618259582687945
2024,6,CHI,off,28,19,0.678571,0.4361853896698449
2024,6,CIN,def,30,19,0.633333,-0.04037410524033476
2024,6,CIN,off,21,10,0.47619,-0.33989871890905005
2024,6,CLE,def,25,15,0.6,0.2674392562592402
2024,6,CLE,off,22,9,0.409091,0.019888143151712775
2024,6,DAL,def,32,18,0.5625,0.3978161499408088
2024,6,DAL,off,26,11,0.423077,-0.32771824655355886
2024,6,DEN,def,29,12,0.413793,-0.034443874640695364
2024,6,DEN,off,24,15,0.625,-0.03135211766736271
2024,6,DET,def,26,11,0.423077,-0.32771824655355886
2024,6,DET,off,32,18,0.5625,0.3978161499408088
2024,6,GB,def,25,13,0.52,0.004225150253623724
2024,6,GB,off,30,16,0.533333,0.08199620303348638
2024,6,HOU,def,27,13,0.481481,-0.3980326577180272
2024,6,HOU,off,28,11,0.392857,0.22560587907459453
2024,6,IND,def,23,10,0.434783,-0.08722862945211565
2024,6,IND,off,29,13,0.448276,-0.07727467458482415
2024,6,JAX,def,28,19,0.678571,0.4361853896698449
2024,6,JAX,off,24,12,0.5,-0.09618259582687945
2024,6,LAC,def,24,15,0.625,-0.03135211766736271
2024,6,LAC,off,29,12,0.413793,-0.034443874640695364
2024,6,LV,def,25,9,0.36,-0.14982498364290223
2024,6,LV,off,25,12,0.48,-0.1768352477927692
2024,6,NE,def,28,11,0.392857,0.22560587907459453
2024,6,NE,off,27,13,0.481481,-0.3980326577180272
2024,6,NO,def,37,24,0.648649,0.21531615231337176
2024,6,NO,off,29,13,0.448276,-0.2574806170867242
2024,6,NYG,def,21,10,0.47619,-0.33989871890905005
2024,6,NYG,off,30,19,0.633333,-0.04037410524033476
2024,6,NYJ,def,26,14,0.538462,0.1688277814671612
2024,6,NYJ,off,27,11,0.407407,0.20320610201883096
2024,6,PHI,def,22,9,0.409091,0.019888143151712775
2024,6,PHI,off,25,15,0.6,0.2674392562592402
2024,6,PIT,def,25,12,0.48,-0.1768352477927692
2024,6,PIT,off,25,9,0.36,-0.14982498364290223
2024,6,SEA,def,27,14,0.518519,0.5752343198120663
2024,6,SEA,off,29,11,0.37931,-0.3480494466634339
2024,6,SF,def,29,11,0.37931,-0.3480494466634339
2024,6,SF,off,27,14,0.518519,0.5752343198120663
2024,6,TB,def,29,13,0.448276,-0.2574806170867242
2024,6,TB,off,37,24,0.648649,0.21531615231337176
2024,6,TEN,def,29,13,0.448276,-0.07727467458482415
2024,6,TEN,off,23,10,0.434783,-0.08722862945211565
2024,6,WAS,def,32,19,0.59375,0.1686704136463959
2024,6,WAS,off,25,14,0.56,0.10515677513358884
2024,7,ARI,def,28,14,0.5,0.060391047085951347
2024,7,ARI,off,28,15,0.535714,0.17766149613141483
2024,7,ATL,def,26,13,0.5,0.13432164987450682
2024,7,ATL,off,30,18,0.6,-0.24446357918786815
2024,7,BAL,def,33,21,0.636364,0.24622245688012548
2024,7,BAL,off,27,14,0.518519,0.53437364915886
2024,7,BUF,def,26,11,0.423077,-0.1755299694374956
2024,7,BUF,off,25,13,0.52,0.20427793373470193
2024,7,CAR,def,29,18,0.62069,0.3094640547602341
2024,7,CAR,off,18,11,0.611111,-0.029566584245508745
2024,7,CIN,def,29,12,0.413793,-0.15709834232532965
2024,7,CIN,off,22,7,0.318182,-0.06023556026577188
2024,7,CLE,def,22,7,0.318182,-0.06023556026577188
2024,7,CLE,off,29,12,0.413793,-0.15709834232532965
2024,7,DEN,def,25,12,0.48,-0.1900890862289816
2024,7,DEN,off,29,20,0.689655,0.1654919718215563
2024,7,DET,def,24,8,0.333333,-0.023049595140037127
2024,7,DET,off,25,14,0.56,0.03750189813086763
2024,7,GB,def,24,9,0.375,-0.10866187515663721
2024,7,GB,off,26,9,0.346154,-0.3222000763075462
2024,7,HOU,def,26,9,0.346154,-0.3222000763075462
2024,7,HOU,off,24,9,0.375,-0.10866187515663721
2024,7,IND,def,31,17,0.548387,-0.3262627382646315
2024,7,IND,off,27,13,0.481481,0.023986947118494615
2024,7,JAX,def,23,7,0.304348,-0.20297392661956584
2024,7,JAX,off,28,15,0.535714,0.057753588272524733
2024,7,KC,def,25,16,0.64,0.021564068195875735
2024,7,KC,off,28,17,0.607143,0.2335914064231994
2024,7,LA,def,33,17,0.515152,-0.0282740577998938
2024,7,LA,off,23,12,0.521739,0.16751026724839746
2024,7,LAC,def,28,15,0.535714,0.17766149613141483
2024,7,LAC,off,28,14,0.5,0.060391047085951347
2024,7,LV,def,23,12,0.521739,0.16751026724839746
2024,7,LV,off,33,17,0.515152,-0.0282740577998938
2024,7,MIA,def,27,13,0.481481,0.023986947118494615
2024,7,MIA,off,31,17,0.548387,-0.3262627382646315
2024,7,MIN,def,25,14,0.56,0.03750189813086763
2024,7,MIN,off,24,8,0.333333,-0.023049595140037127
2024,7,NE,def,28,15,0.535714,0.057753588272524733
2024,7,NE,off,23,7,0.304348,-0.20297392661956584
2024,7,NO,def,29,20,0.689655,0.1654919718215563
2024,7,NO,off,25,12,0.48,-0.1900890862289816
2024,7,NYG,def,28,13,0.464286,0.19245039691824267
2024,7,NYG,off,23,10,0.434783,-0.2729942125329019
2024,7,NYJ,def,28,12,0.428571,-0.007119424760665944
2024,7,NYJ,off,26,11,0.423077,0.11184726300528453
2024,7,PHI,def,23,10,0.434783,-0.2729942125329019
2024,7,PHI,off,28,13,0.464286,0.19245039691824267
2024,7,PIT,def,26,11,0.423077,0.11184726300528453
2024,7,PIT,off,28,12,0.428571,-0.007119424760665944
2024,7,SEA,def,30,18,0.6,-0.24446357918786815
2024,7,SEA,off,26,13,0.5,0.13432164987450682
2024,7,SF,def,28,17,0.607143,0.2335914064231994
2024,7,SF,off,25,16,0.64,0.021564068195875735
2024,7,TB,def,27,14,0.518519,0.53437364915886
2024,7,TB,off,33,21,0.636364,0.24622245688012548
2024,7,TEN,def,25,13,0.52,0.20427793373470193
2024,7,TEN,off,26,11,0.423077,-0.1755299694374956
2024,7,WAS,def,18,11,0.611111,-0.029566584245508745
2024,7,WAS,off,29,18,0.62069,0.3094640547602341
2024,8,ARI,def,27,14,0.518519,0.003241000913678565
2024,8,ARI,off,28,15,0.535714,0.27461386115360903
2024,8,ATL,def,30,17,0.566667,0.08557768145304484
2024,8,ATL,off,27,12,0.444444,-0.07130732660880312
2024,8,BAL,def,29,14,0.482759,0.20118931152432323
2024,8,BAL,off,28,18,0.642857,0.25999340477782035
2024,8,BUF,def,24,11,0.458333,-0.21542373228900638
2024,8,BUF,off,32,19,0.59375,0.386364853449777
2024,8,CAR,def,30,17,0.566667,0.011230532832754155
2024,8,CAR,off,23,10,0.434783,-0.010435321990845969
2024,8,CHI,def,32,16,0.5,0.12300791539473721
2024,8,CHI,off,24,10,0.416667,-0.09495448437034308
2024,8,CIN,def,28,16,0.571429,0.21704252999812265
2024,8,CIN,off,24,10,0.416667,-0.4095018879888812
2024,8,CLE,def,28,18,0.642857,0.25999340477782035
2024,8,CLE,off,29,14,0.482759,0.20118931152432323
2024,8,DAL,def,27,18,0.666667,0.3067930193307499
2024,8,DAL,off,25,12,0.48,-0.08802914613042959
2024,8,DEN,def,23,10,0.434783,-0.010435321990845969
2024,8,DEN,off,30,17,0.566667,0.011230532832754155
2024,8,DET,def,34,21,0.617647,-0.2064209684219403
2024,8,DET,off,23,15,0.652174,0.34219719896993966
2024,8,GB,def,28,17,0.607143,0.2775922408036422
2024,8,GB,off,30,20,0.666667,0.29431402786867694
2024,8,HOU,def,26,10,0.384615,0.019310217659669712
2024,8,HOU,off,31,16,0.516129,0.13212970998739043
2024,8,IND,def,31,16,0.516129,0.13212970998739043
2024,8,IND,off,26,10,0.384615,0.019310217659669712
2024,8,JAX,def,30,20,0.666667,0.29431402786867694
2024,8,JAX,off,28,17,0.607143,0.2775922408036422
2024,8,KC,def,19,9,0.473684,-0.18940026075640498
2024,8,KC,off,26,13,0.5,-0.19832441991177172
2024,8,LA,def,24,13,0.541667,0.10040532471127032
2024,8,LA,off,30,14,0.466667,-0.1153596523256662
2024,8,LAC,def,28,11,0.392857,-0.1597021192574175
2024,8,LAC,off,28,11,0.392857,-0.07079971834692904
2024,8,LV,def,26,13,0.5,-0.19832441991177172
2024,8,LV,off,19,9,0.473684,-0.18940026075640498
2024,8,MIA,def,28,15,0.535714,0.27461386115360903
2024,8,MIA,off,27,14,0.518519,0.003241000913678565
2024,8,MIN,def,30,14,0.466667,-0.1153596523256662
2024,8,MIN,off,24,13,0.541667,0.10040532471127032
2024,8,NE,def,27,16,0.592593,0.2099753579047198
2024,8,NE,off,24,8,0.333333,-0.19857018774928292
2024,8,NO,def,28,11,0.392857,-0.07079971834692904
2024,8,NO,off,28,11,0.392857,-0.1597021192574175
2024,8,NYG,def,28,16,0.571429,0.09909079775700645
2024,8,NYG,off,28,13,0.464286,0.06573069572082854
2024,8,NYJ,def,24,8,0.333333,-0.19857018774928292
2024,8,NYJ,off,27,16,0.592593,0.2099753579047198
2024,8,PHI,def,24,10,0.416667,-0.4095018879888812
2024,8,PHI,off,28,16,0.571429,0.21704252999812265
2024,8,PIT,def,28,13,0.464286,0.06573069572082854
2024,8,PIT,off,28,16,0.571429,0.09909079775700645
2024,8,SEA,def,32,19,0.59375,0.386364853449777
2024,8,SEA,off,24,11,0.458333,-0.21542373228900638
2024,8,SF,def,25,12,0.48,-0.08802914613042959
2024,8,SF,off,27,18,0.666667,0.3067930193307499
2024,8,TB,def,27,12,0.444444,-0.07130732660880312
2024,8,TB,off,30,17,0.566667,0.08557768145304484
2024,8,TEN,def,23,15,0.652174,0.34219719896993966
2024,8,TEN,off,34,21,0.617647,-0.2064209684219403
2024,8,WAS,def,24,10,0.416667,-0.09495448437034308
2024,8,WAS,off,32,16,0.5,0.12300791539473721
2024,9,ARI,def,26,9,0.346154,-0.36869557310665885
2024,9,ARI,off,26,21,0.807692,0.2540129545881288
2024,9,ATL,def,31,18,0.580645,0.12383460290185476
2024,9,ATL,off,23,16,0.695652,0.3134293875697514
2024,9,BAL,def,26,12,0.461538,-0.13040008347665066
2024,9,BAL,off,27,15,0.555556,0.4801687203526618
2024,9,BUF,def,30,21,0.7,0.09028442228057733
2024,9,BUF,off,27,17,0.62963,-0.051819085631804124
2024,9,CAR,def,32,18,0.5625,0.03264711444535351
2024,9,CAR,off,21,8,0.380952,-0.055747465119652805
2024,9,CHI,def,26,21,0.807692,0.2540129545881288
2024,9,CHI,off,26,9,0.346154,-0.36869557310665885
2024,9,CIN,def,25,12,0.48,-0.33858800676185635
2024,9,CIN,off,31,21,0.677419,-0.04640166377817701
2024,9,CLE,def,21,9,0.428571,-0.10706613455078609
2024,9,CLE,off,32,15,0.46875,-0.18923113989330886
2024,9,DAL,def,23,16,0.695652,0.3134293875697514
2024,9,DAL,off,31,18,0.580645,0.12383460290185476
2024,9,DEN,def,27,15,0.555556,0.4801687203526618
2024,9,DEN,off,26,12,0.461538,-0.13040008347665066
2024,9,DET,def,26,15,0.576923,0.04844722958827893
2024,9,DET,off,22,13,0.590909,0.07132030015716075
2024,9,GB,def,22,13,0.590909,0.07132030015716075
2024,9,GB,off,26,15,0.576923,0.04844722958827893
2024,9,HOU,def,22,11,0.5,-0.44960690232586453
2024,9,HOU,off,29,8,0.275862,-0.10992888065259743
2024,9,IND,def,35,18,0.514286,-0.31855181716216197
2024,9,IND,off,21,8,0.380952,-0.515902402131663
2024,9,JAX,def,29,16,0.551724,-0.04752745393037411
2024,9,JAX,off,22,7,0.318182,-0.4335005101853643
2024,9,KC,def,22,11,0.5,0.19914929975162854
2024,9,KC,off,35,16,0.457143,-0.08309459875454195
2024,9,LA,def,31,14,0.451613,-0.4416762330201304
2024,9,LA,off,31,18,0.580645,0.047432960027964
2024,9,LAC,def,32,15,0.46875,-0.18923113989330886
2024,9,LAC,off,21,9,0.428571,-0.10706613455078609
2024,9,LV,def,31,21,0.677419,-0.04640166377817701
2024,9,LV,off,25,12,0.48,-0.33858800676185635
2024,9,MIA,def,27,17,0.62963,-0.051819085631804124
2024,9,MIA,off,30,21,0.7,0.09028442228057733
2024,9,MIN,def,21,8,0.380952,-0.515902402131663
2024,9,MIN,off,35,18,0.514286,-0.31855181716216197
2024,9,NE,def,32,16,0.5,0.05314521298350883
2024,9,NE,off,28,10,0.357143,-0.2505377689667512
2024,9,NO,def,21,8,0.380952,-0.055747465119652805
2024,9,NO,off,32,18,0.5625,0.03264711444535351
2024,9,NYG,def,25,14,0.56,0.29222110911272464
2024,9,NYG,off,27,13,0.481481,-0.31420812694381717
2024,9,NYJ,def,29,8,0.275862,-0.10992888065259743
2024,9,NYJ,off,22,11,0.5,-0.44960690232586453
2024,9,PHI,def,22,7,0.318182,-0.4335005101853643
2024,9,PHI,off,29,16,0.551724,-0.04752745393037411
2024,9,SEA,def,31,18,0.580645,0.047432960027964
2024,9,SEA,off,31,14,0.451613,-0.4416762330201304
2024,9,TB,def,35,16,0.457143,-0.08309459875454195
2024,9,TB,off,22,11,0.5,0.19914929975162854
2024,9,TEN,def,28,10,0.357143,-0.2505377689667512
2024,9,TEN,off,32,16,0.5,0.05314521298350883
2024,9,WAS,def,27,13,0.481481,-0.31420812694381717
2024,9,WAS,off,25,14,0.56,0.29222110911272464
2024,10,ARI,def,22,15,0.681818,0.19725829191156663
2024,10,ARI,off,28,13,0.464286,0.008248615764646925
2024,10,ATL,def,22,14,0.636364,0.34580400891057006
2024,10,ATL,off,33,22,0.666667,0.15587125758986187
2024,10,BAL,def,32,19,0.59375,0.40696435995505453
2024,10,BAL,off,26,14,0.538462,0.0999375218111359
2024,10,BUF,def,28,10,0.357143,-0.6875603369241746
2024,10,BUF,off,29,10,0.344828,-0.46096428045959437
2024,10,CAR,def,32,20,0.625,0.0912100387913597
2024,10,CAR,off,25,13,0.52,-0.03642405054299161
2024,10,CHI,def,25,16,0.64,0.00959249890060164
2024,10,CHI,off,22,9,0.409091,-0.17454329081705178
2024,10,CIN,def,26,14,0.538462,0.0999375218111359
2024,10,CIN,off,32,19,0.59375,0.40696435995505453
2024,10,DAL,def,30,15,0.5,0.01910550379155514
2024,10,DAL,off,23,11,0.478261,-1.1478419163208657
2024,10,DEN,def,25,10,0.4,-0.13923361600609496
2024,10,DEN,off,23,11,0.478261,-0.06238822456013978
2024,10,DET,def,27,9,0.333333,-0.4703460930506009
2024,10,DET,off,30,16,0.533333,-0.17768687562687166
2024,10,HOU,def,30,16,0.533333,-0.17768687562687166
2024,10,HOU,off,27,9,0.333333,-0.4703460930506009
2024,10,IND,def,29,10,0.344828,-0.46096428045959437
2024,10,IND,off,28,10,0.357143,-0.6875603369241746
2024,10,JAX,def,35,18,0.514286,-0.16720336780750325
2024,10,JAX,off,18,4,0.222222,-0.4546078369668167
2024,10,KC,def,23,11,0.478261,-0.06238822456013978
2024,10,KC,off,25,10,0.4,-0.13923361600609496
2024,10,LA,def,23,11,0.478261,-0.04050455668070556
2024,10,LA,off,31,16,0.516129,-0.3064335828605709
2024,10,LAC,def,24,13,0.541667,-0.04366785774861152
2024,10,LAC,off,27,17,0.62963,0.1652438546966382
2024,10,MIA,def,31,16,0.516129,-0.3064335828605709
2024,10,MIA,off,23,11,0.478261,-0.04050455668070556
2024,10,MIN,def,18,4,0.222222,-0.4546078369668167
2024,10,MIN,off,35,18,0.514286,-0.16720336780750325
2024,10,NE,def,22,9,0.409091,-0.17454329081705178
2024,10,NE,off,25,16,0.64,0.00959249890060164
2024,10,NO,def,33,22,0.666667,0.15587125758986187
2024,10,NO,off,22,14,0.636364,0.34580400891057006
2024,10,NYG,def,25,13,0.52,-0.03642405054299161
2024,10,NYG,off,32,20,0.625,0.0912100387913597
2024,10,NYJ,def,28,13,0.464286,0.008248615764646925
2024,10,NYJ,off,22,15,0.681818,0.19725829191156663
2024,10,PHI,def,23,11,0.478261,-1.1478419163208657
2024,10,PHI,off,30,15,0.5,0.01910550379155514
2024,10,PIT,def,26,15,0.576923,0.17784207435929253
2024,10,PIT,off,29,6,0.206897,-0.3387146178695197
2024,10,SF,def,24,13,0.541667,0.18355431892026294
2024,10,SF,off,30,17,0.566667,0.18847229620829845
2024,10,TB,def,30,17,0.566667,0.18847229620829845
2024,10,TB,off,24,13,0.541667,0.18355431892026294
2024,10,TEN,def,27,17,0.62963,0.1652438546966382
2024,10,TEN,off,24,13,0.541667,-0.04366785774861152
2024,10,WAS,def,29,6,0.206897,-0.3387146178695197
2024,10,WAS,off,26,15,0.576923,0.17784207435929253
2024,11,ATL,def,26,13,0.5,-0.12206792638104301
2024,11,ATL,off,21,9,0.428571,-0.3379727970501075
2024,11,BAL,def,29,14,0.482759,-0.12844049944622635
2024,11,BAL,off,25,14,0.56,-0.04182874914840795
2024,11,BUF,def,24,16,0.666667,0.3051760119924438
2024,11,BUF,off,29,10,0.344828,-0.054669715861532964
2024,11,CHI,def,22,15,0.681818,0.5429502432102296
2024,11,CHI,off,28,13,0.464286,-0.01471085007664479
2024,11,CIN,def,30,15,0.5,0.06344616276231439
2024,11,CIN,off,34,14,0.411765,0.0314050399713725
2024,11,CLE,def,24,10,0.416667,-0.30537137446420576
2024,11,CLE,off,29,16,0.551724,0.19575326366687257
2024,11,DAL,def,27,13,0.481481,0.2963832521604167
2024,11,DAL,off,34,15,0.441176,-0.005848866969566135
2024,11,DEN,def,21,9,0.428571,-0.3379727970501075
2024,11,DEN,off,26,13,0.5,-0.12206792638104301
2024,11,DET,def,18,6,0.333333,-0.0952409899877643
2024,11,DET,off,38,28,0.736842,0.4056811904960533
2024,11,GB,def,28,13,0.464286,-0.01471085007664479
2024,11,GB,off,22,15,0.681818,0.5429502432102296
2024,11,HOU,def,34,15,0.441176,-0.005848866969566135
2024,11,HOU,off,27,13,0.481481,0.2963832521604167
2024,11,IND,def,19,8,0.421053,-0.13281292598817104
2024,11,IND,off,27,12,0.444444,-0.18684433959316704
2024,11,JAX,def,38,28,0.736842,0.4056811904960533
2024,11,JAX,off,18,6,0.333333,-0.0952409899877643
2024,11,KC,def,29,10,0.344828,-0.054669715861532964
2024,11,KC,off,24,16,0.666667,0.3051760119924438
2024,11,LA,def,32,22,0.6875,0.056145709794691356
2024,11,LA,off,23,16,0.695652,0.2931689171515324
2024,11,LAC,def,34,14,0.411765,0.0314050399713725
2024,11,LAC,off,30,15,0.5,0.06344616276231439
2024,11,LV,def,25,12,0.48,-0.13363564852625132
2024,11,LV,off,25,11,0.44,-0.24181719970307314
2024,11,MIA,def,25,11,0.44,-0.24181719970307314
2024,11,MIA,off,25,12,0.48,-0.13363564852625132
2024,11,MIN,def,21,8,0.380952,-0.16305127526478222
2024,11,MIN,off,29,16,0.551724,-0.022711137968019164
2024,11,NE,def,23,16,0.695652,0.2931689171515324
2024,11,NE,off,32,22,0.6875,0.056145709794691356
2024,11,NO,def,29,16,0.551724,0.19575326366687257
2024,11,NO,off,24,10,0.416667,-0.30537137446420576
2024,11,NYJ,def,27,12,0.444444,-0.18684433959316704
2024,11,NYJ,off,19,8,0.421053,-0.13281292598817104
2024,11,PHI,def,27,17,0.62963,-0.03132721954521171
2024,11,PHI,off,30,18,0.6,0.14795053803633587
2024,11,PIT,def,25,14,0.56,-0.04182874914840795
2024,11,PIT,off,29,14,0.482759,-0.12844049944622635
2024,11,SEA,def,26,11,0.423077,-0.057479404121225416
2024,11,SEA,off,25,15,0.6,0.006509838451165706
2024,11,SF,def,25,15,0.6,0.006509838451165706
2024,11,SF,off,26,11,0.423077,-0.057479404121225416
2024,11,TEN,def,29,16,0.551724,-0.022711137968019164
2024,11,TEN,off,21,8,0.380952,-0.16305127526478222
2024,11,WAS,def,30,18,0.6,0.14795053803633587
2024,11,WAS,off,27,17,0.62963,-0.03132721954521171
2024,12,ARI,def,24,8,0.333333,-0.2043124382774598
2024,12,ARI,off,26,14,0.538462,0.07313277429760792
2024,12,BAL,def,24,10,0.416667,-0.1395329771328995
2024,12,BAL,off,23,16,0.695652,0.3745657353732816
2024,12,CAR,def,32,22,0.6875,0.2810481795513624
2024,12,CAR,off,26,15,0.576923,0.23501547105507387
2024,12,CHI,def,31,16,0.516129,0.24578807121705998
2024,12,CHI,off,29,15,0.517241,0.11613269525295092
2024,12,CLE,def,26,12,0.461538,-0.07716106592740218
2024,12,CLE,off,23,16,0.695652,0.33451330484366854
2024,12,DAL,def,30,13,0.433333,-0.21515382907624978
2024,12,DAL,off,29,19,0.655172,0.0065727459998038765
2024,12,DEN,def,32,14,0.4375,-0.14863848132335988
2024,12,DEN,off,28,12,0.428571,-0.044225728164227415
2024,12,DET,def,19,9,0.473684,0.218652636394836
2024,12,DET,off,32,15,0.46875,0.050143624295742484
2024,12,GB,def,21,10,0.47619,-0.20698376072964275
2024,12,GB,off,28,12,0.428571,-0.04255149120789221
2024,12,HOU,def,29,14,0.482759,0.02754375373679695
2024,12,HOU,off,23,11,0.478261,0.19918883674646445
2024,12,IND,def,32,15,0.46875,0.050143624295742484
2024,12,IND,off,19,9,0.473684,0.218652636394836
2024,12,KC,def,26,15,0.576923,0.23501547105507387
2024,12,KC,off,32,22,0.6875,0.2810481795513624
2024,12,LA,def,28,17,0.607143,0.3571326255083217
2024,12,LA,off,30,16,0.533333,-0.15594112452236003
2024,12,LAC,def,23,16,0.695652,0.3745657353732816
2024,12,LAC,off,24,10,0.416667,-0.1395329771328995
2024,12,LV,def,28,12,0.428571,-0.044225728164227415
2024,12,LV,off,32,14,0.4375,-0.14863848132335988
2024,12,MIA,def,24,11,0.458333,0.008324443580931984
2024,12,MIA,off,30,15,0.5,0.06789194624385951
2024,12,MIN,def,29,15,0.517241,0.11613269525295092
2024,12,MIN,off,31,16,0.516129,0.24578807121705998
2024,12,NE,def,30,15,0.5,0.06789194624385951
2024,12,NE,off,24,11,0.458333,0.008324443580931984
2024,12,NYG,def,29,15,0.517241,0.2359354774706499
2024,12,NYG,off,25,12,0.48,-0.24206194258411415
2024,12,PHI,def,30,16,0.533333,-0.15594112452236003
2024,12,PHI,off,28,17,0.607143,0.3571326255083217
2024,12,PIT,def,23,16,0.695652,0.33451330484366854
2024,12,PIT,off,26,12,0.461538,-0.07716106592740218
2024,12,SEA,def,26,14,0.538462,0.07313277429760792
2024,12,SEA,off,24,8,0.333333,-0.2043124382774598
2024,12,SF,def,28,12,0.428571,-0.04255149120789221
2024,12,SF,off,21,10,0.47619,-0.20698376072964275
2024,12,TB,def,25,12,0.48,-0.24206194258411415
2024,12,TB,off,29,15,0.517241,0.2359354774706499
2024,12,TEN,def,23,11,0.478261,0.19918883674646445
2024,12,TEN,off,29,14,0.482759,0.02754375373679695
2024,12,WAS,def,29,19,0.655172,0.0065727459998038765
2024,12,WAS,off,30,13,0.433333,-0.21515382907624978
2024,13,ARI,def,24,14,0.583333,-0.12104268061132946
2024,13,ARI,off,33,17,0.515152,-0.09814401049075197
2024,13,ATL,def,18,5,0.277778,0.0778012143370385
2024,13,ATL,off,33,19,0.575758,-0.20209491118668776
2024,13,BAL,def,24,16,0.666667,0.34799184643876896
2024,13,BAL,off,32,18,0.5625,0.21325663007519324
2024,13,BUF,def,22,9,0.409091,-0.45717626134600403
2024,13,BUF,off,24,14,0.583333,0.2964817754170023
2024,13,CAR,def,37,26,0.702703,0.08126071666924257
2024,13,CAR,off,30,17,0.566667,0.023361519149815043
2024,13,CHI,def,31,14,0.451613,-0.0012728788311623276
2024,13,CHI,off,24,13,0.541667,-0.028597122926536638
2024,13,CIN,def,31,18,0.580645,0.21939046008758098
2024,13,CIN,off,29,15,0.517241,-0.16104863669948075
2024,13,CLE,def,26,12,0.461538,-0.05905320132688548
2024,13,CLE,off,38,14,0.368421,-0.45666051959223725
2024,13,DAL,def,27,17,0.62963,-0.1855275294359739
2024,13,DAL,off,29,13,0.448276,-0.10454618976178483
2024,13,DEN,def,38,14,0.368421,-0.45666051959223725
2024,13,DEN,off,26,12,0.461538,-0.05905320132688548
2024,13,DET,def,24,13,0.541667,-0.028597122926536638
2024,13,DET,off,31,14,0.451613,-0.0012728788311623276
2024,13,GB,def,29,15,0.517241,0.27617606433943426
2024,13,GB,off,25,13,0.52,0.28370715762488546
2024,13,HOU,def,27,10,0.37037,-0.11531845136778429
2024,13,HOU,off,27,15,0.555556,0.2647141426029891
2024,13,IND,def,30,17,0.566667,0.030953754829772466
2024,13,IND,off,25,17,0.68,0.21754928686306813
2024,13,JAX,def,27,15,0.555556,0.2647141426029891
2024,13,JAX,off,27,10,0.37037,-0.11531845136778429
2024,13,KC,def,29,19,0.655172,0.24421132121291333
2024,13,KC,off,28,11,0.392857,-0.12798776432360423
2024,13,LA,def,26,14,0.538462,-0.06978688788680862
2024,13,LA,off,26,17,0.653846,0.258526857499069
2024,13,LAC,def,33,19,0.575758,-0.20209491118668776
2024,13,LAC,off,18,5,0.277778,0.0778012143370385
2024,13,LV,def,28,11,0.392857,-0.12798776432360423
2024,13,LV,off,29,19,0.655172,0.24421132121291333
2024,13,MIA,def,25,13,0.52,0.28370715762488546
2024,13,MIA,off,29,15,0.517241,0.27617606433943426
2024,13,MIN,def,33,17,0.515152,-0.09814401049075197
2024,13,MIN,off,24,14,0.583333,-0.12104268061132946
2024,13,NE,def,25,17,0.68,0.21754928686306813
2024,13,NE,off,30,17,0.566667,0.030953754829772466
2024,13,NO,def,26,17,0.653846,0.258526857499069
2024,13,NO,off,26,14,0.538462,-0.06978688788680862
2024,13,NYG,def,29,13,0.448276,-0.10454618976178483
2024,13,NYG,off,27,17,0.62963,-0.1855275294359739
2024,13,NYJ,def,22,7,0.318182,-0.13404042236057154
2024,13,NYJ,off,25,12,0.48,-0.2499128620023839
2024,13,PHI,def,32,18,0.5625,0.21325663007519324
2024,13,PHI,off,24,16,0.666667,0.34799184643876896
2024,13,PIT,def,29,15,0.517241,-0.16104863669948075
2024,13,PIT,off,31,18,0.580645,0.21939046008758098
2024,13,SEA,def,25,12,0.48,-0.2499128620023839
2024,13,SEA,off,22,7,0.318182,-0.13404042236057154
2024,13,SF,def,24,14,0.583333,0.2964817754170023
2024,13,SF,off,22,9,0.409091,-0.45717626134600403
2024,13,TB,def,30,17,0.566667,0.023361519149815043
2024,13,TB,off,37,26,0.702703,0.08126071666924257
2024,13,TEN,def,34,25,0.735294,0.0025555818488903564
2024,13,TEN,off,19,6,0.315789,-0.17522192002874554
2024,13,WAS,def,19,6,0.315789,-0.17522192002874554
2024,13,WAS,off,34,25,0.735294,0.0025555818488903564
2024,14,ARI,def,26,16,0.615385,0.1750553319557534
2024,14,ARI,off,30,17,0.566667,0.13951360639184712
2024,14,ATL,def,24,13,0.541667,0.25361920108116465
2024,14,ATL,off,33,17,0.515152,-0.08004029092174306
2024,14,BUF,def,33,15,0.454545,-0.10465173931989932
2024,14,BUF,off,27,14,0.518519,0.27777007156745875
2024,14,CAR,def,24,12,0.5,-0.09343324914516415
2024,14,CAR,off,25,14,0.56,0.02099036072380841
2024,14,CHI,def,27,16,0.592593,0.21025606767701296
2024,14,CHI,off,22,11,0.5,-0.03267698162446984
2024,14,CIN,def,25,10,0.4,-0.14323665589094162
2024,14,CIN,off,30,21,0.7,0.3020884277318449
2024,14,CLE,def,25,14,0.56,-0.043291356682311745
2024,14,CLE,off,30,13,0.433333,-0.3495585813652724
2024,14,DAL,def,30,21,0.7,0.3020884277318449
2024,14,DAL,off,25,10,0.4,-0.14323665589094162
2024,14,DET,def,21,10,0.47619,-0.10728303926520139
2024,14,DET,off,33,18,0.545455,0.09273094723060855
2024,14,GB,def,33,18,0.545455,0.09273094723060855
2024,14,GB,off,21,10,0.47619,-0.10728303926520139
2024,14,JAX,def,26,13,0.5,0.1277596903662645
2024,14,JAX,off,23,13,0.565217,-0.03252087490197838
2024,14,KC,def,23,8,0.347826,-0.09521627270758314
2024,14,KC,off,26,15,0.576923,0.049909420168170564
2024,14,LA,def,27,14,0.518519,0.27777007156745875
2024,14,LA,off,33,15,0.454545,-0.10465173931989932
2024,14,LAC,def,26,15,0.576923,0.049909420168170564
2024,14,LAC,off,23,8,0.347826,-0.09521627270758314
2024,14,LV,def,27,16,0.592593,0.16378407686284777
2024,14,LV,off,25,15,0.6,-0.15198479215148836
2024,14,MIA,def,29,17,0.586207,0.17431682961137868
2024,14,MIA,off,31,17,0.548387,0.09824955846265619
2024,14,MIN,def,33,17,0.515152,-0.08004029092174306
2024,14,MIN,off,24,13,0.541667,0.25361920108116465
2024,14,NO,def,27,13,0.481481,-0.02500777086889785
2024,14,NO,off,28,13,0.464286,0.0034366725376457907
2024,14,NYG,def,28,13,0.464286,0.0034366725376457907
2024,14,NYG,off,27,13,0.481481,-0.02500777086889785
2024,14,NYJ,def,31,17,0.548387,0.09824955846265619
2024,14,NYJ,off,29,17,0.586207,0.17431682961137868
2024,14,PHI,def,25,14,0.56,0.02099036072380841
2024,14,PHI,off,24,12,0.5,-0.09343324914516415
2024,14,PIT,def,30,13,0.433333,-0.3495585813652724
2024,14,PIT,off,25,14,0.56,-0.043291356682311745
2024,14,SEA,def,30,17,0.566667,0.13951360639184712
2024,14,SEA,off,26,16,0.615385,0.1750553319557534
2024,14,SF,def,22,11,0.5,-0.03267698162446984
2024,14,SF,off,27,16,0.592593,0.21025606767701296
2024,14,TB,def,25,15,0.6,-0.15198479215148836
2024,14,TB,off,27,16,0.592593,0.16378407686284777
2024,14,TEN,def,23,13,0.565217,-0.03252087490197838
2024,14,TEN,off,26,13,0.5,0.1277596903662645
2024,15,ARI,def,24,15,0.625,0.05297474992888359
2024,15,ARI,off,26,16,0.615385,-0.07054832125476633
2024,15,ATL,def,26,13,0.5,-0.06201521884829093
2024,15,ATL,off,24,10,0.416667,-0.35025940161722247
2024,15,BAL,def,24,11,0.458333,-0.27478876901902066
2024,15,BAL,off,28,14,0.5,-0.09357709250928435
2024,15,BUF,def,33,16,0.484848,0.03541282410768679
2024,15,BUF,off,32,21,0.65625,0.3840135741438644
2024,15,CAR,def,31,21,0.677419,0.16587775091043552
2024,15,CAR,off,22,10,0.454545,-0.2792501283243341
2024,15,CHI,def,31,15,0.483871,-0.07021159969548124
2024,15,CHI,off,25,12,0.48,-0.018858862495981156
2024,15,CIN,def,30,14,0.466667,-0.5754684905560377
2024,15,CIN,off,27,12,0.444444,-0.14498842495528083
2024,15,CLE,def,29,14,0.482759,0.058242055320518155
2024,15,CLE,off,27,13,0.481481,-0.7921439619148495
2024,15,DAL,def,22,10,0.454545,-0.2792501283243341
2024,15,DAL,off,31,21,0.677419,0.16587775091043552
2024,15,DEN,def,31,11,0.354839,-0.5637096390973085
2024,15,DEN,off,23,11,0.478261,-0.31201769478376146
2024,15,DET,def,32,21,0.65625,0.3840135741438644
2024,15,DET,off,33,16,0.484848,0.03541282410768679
2024,15,GB,def,24,11,0.458333,-0.14106628819718026
2024,15,GB,off,27,18,0.666667,0.26841468089561976
2024,15,HOU,def,25,12,0.48,-0.10677586866309867
2024,15,HOU,off,19,10,0.526316,-0.3912330363098973
2024,15,IND,def,23,11,0.478261,-0.31201769478376146
2024,15,IND,off,31,11,0.354839,-0.5637096390973085
2024,15,JAX,def,24,12,0.5,-0.023194630729752436
2024,15,JAX,off,33,17,0.515152,0.032981364078516366
2024,15,KC,def,27,13,0.481481,-0.7921439619148495
2024,15,KC,off,29,14,0.482759,0.058242055320518155
2024,15,LA,def,22,7,0.318182,-0.14118279706400988
2024,15,LA,off,25,15,0.6,0.1084652211354114
2024,15,LAC,def,30,20,0.666667,0.015399114496540278
2024,15,LAC,off,21,8,0.380952,-0.44301893176522017
2024,15,LV,def,24,10,0.416667,-0.35025940161722247
2024,15,LV,off,26,13,0.5,-0.06201521884829093
2024,15,MIA,def,19,10,0.526316,-0.3912330363098973
2024,15,MIA,off,25,12,0.48,-0.10677586866309867
2024,15,MIN,def,25,12,0.48,-0.018858862495981156
2024,15,MIN,off,31,15,0.483871,-0.07021159969548124
2024,15,NE,def,26,16,0.615385,-0.07054832125476633
2024,15,NE,off,24,15,0.625,0.05297474992888359
2024,15,NO,def,30,11,0.366667,-0.17329945848032366
2024,15,NO,off,21,8,0.380952,-0.0769972430453414
2024,15,NYG,def,28,14,0.5,-0.09357709250928435
2024,15,NYG,off,24,11,0.458333,-0.27478876901902066
2024,15,NYJ,def,33,17,0.515152,0.032981364078516366
2024,15,NYJ,off,24,12,0.5,-0.023194630729752436
2024,15,PHI,def,19,10,0.526316,-0.2893829916750914
2024,15,PHI,off,31,11,0.354839,-0.12355854733557921
2024,15,PIT,def,31,11,0.354839,-0.12355854733557921
2024,15,PIT,off,19,10,0.526316,-0.2893829916750914
2024,15,SEA,def,27,18,0.666667,0.26841468089561976
2024,15,SEA,off,24,11,0.458333,-0.14106628819718026
2024,15,SF,def,25,15,0.6,0.1084652211354114
2024,15,SF,off,22,7,0.318182,-0.14118279706400988
2024,15,TB,def,21,8,0.380952,-0.44301893176522017
2024,15,TB,off,30,20,0.666667,0.015399114496540278
2024,15,TEN,def,27,12,0.444444,-0.14498842495528083
2024,15,TEN,off,30,14,0.466667,-0.5754684905560377
2024,15,WAS,def,21,8,0.380952,-0.0769972430453414
2024,15,WAS,off,30,11,0.366667,-0.17329945848032366
2024,16,ARI,def,28,14,0.5,0.28589832419155364
2024,16,ARI,off,29,15,0.517241,0.2053334018564783
2024,16,ATL,def,24,12,0.5,-0.19299309763785763
2024,16,ATL,off,28,12,0.428571,-0.04288490884625519
2024,16,BAL,def,28,18,0.642857,0.1581460055811996
2024,16,BAL,off,30,18,0.6,0.011249078713202227
2024,16,BUF,def,32,19,0.59375,-0.03891489657598868
2024,16,BUF,off,26,14,0.538462,0.09362504952318537
2024,16,CAR,def,29,15,0.517241,0.2053334018564783
2024,16,CAR,off,28,14,0.5,0.28589832419155364
2024,16,CHI,def,32,25,0.78125,0.6084148577947417
2024,16,CHI,off,26,14,0.538462,0.1836295761884405
2024,16,CIN,def,27,10,0.37037,-0.32746285065055686
2024,16,CIN,off,27,20,0.740741,0.44383898051240034
2024,16,CLE,def,27,20,0.740741,0.44383898051240034
2024,16,CLE,off,27,10,0.37037,-0.32746285065055686
2024,16,DAL,def,33,21,0.636364,-0.02034534887184925
2024,16,DAL,off,23,10,0.434783,0.11938292459766987
2024,16,DEN,def,28,14,0.5,-0.0429727086094707
2024,16,DEN,off,28,16,0.571429,0.0809131797063698
2024,16,DET,def,26,14,0.538462,0.1836295761884405
2024,16,DET,off,32,25,0.78125,0.6084148577947417
2024,16,GB,def,22,8,0.363636,-0.43488729922418395
2024,16,GB,off,28,17,0.607143,0.19366909540258348
2024,16,HOU,def,29,13,0.448276,0.0009321221551890003
2024,16,HOU,off,27,12,0.444444,-0.04705958615522832
2024,16,IND,def,25,9,0.36,0.019321654776576908
2024,16,IND,off,26,15,0.576923,0.1938441973425842
2024,16,JAX,def,31,18,0.580645,0.17468481998883129
2024,16,JAX,off,25,9,0.36,-0.452712507895194
2024,16,KC,def,27,12,0.444444,-0.04705958615522832
2024,16,KC,off,29,13,0.448276,0.0009321221551890003
2024,16,LA,def,23,12,0.521739,-0.011653358172422842
2024,16,LA,off,23,13,0.565217,0.29007463807331235
2024,16,LAC,def,28,16,0.571429,0.0809131797063698
2024,16,LAC,off,28,14,0.5,-0.0429727086094707
2024,16,LV,def,25,9,0.36,-0.452712507895194
2024,16,LV,off,31,18,0.580645,0.17468481998883129
2024,16,MIA,def,27,17,0.62963,0.17118038208853384
2024,16,MIA,off,31,18,0.580645,0.3611657543355719
2024,16,MIN,def,31,19,0.612903,0.09792157434464072
2024,16,MIN,off,26,15,0.576923,0.3306700099783484
2024,16,NE,def,26,14,0.538462,0.09362504952318537
2024,16,NE,off,32,19,0.59375,-0.03891489657598868
2024,16,NO,def,28,17,0.607143,0.19366909540258348
2024,16,NO,off,22,8,0.363636,-0.43488729922418395
2024,16,NYG,def,28,12,0.428571,-0.04288490884625519
2024,16,NYG,off,24,12,0.5,-0.19299309763785763
2024,16,NYJ,def,23,13,0.565217,0.29007463807331235
2024,16,NYJ,off,23,12,0.521739,-0.011653358172422842
2024,16,PHI,def,29,14,0.482759,-0.2660378416546556
2024,16,PHI,off,29,8,0.275862,-0.2370640116278082
2024,16,PIT,def,30,18,0.6,0.011249078713202227
2024,16,PIT,off,28,18,0.642857,0.1581460055811996
2024,16,SEA,def,26,15,0.576923,0.3306700099783484
2024,16,SEA,off,31,19,0.612903,0.09792157434464072
2024,16,SF,def,31,18,0.580645,0.3611657543355719
2024,16,SF,off,27,17,0.62963,0.17118038208853384
2024,16,TB,def,23,10,0.434783,0.11938292459766987
2024,16,TB,off,33,21,0.636364,-0.02034534887184925
2024,16,TEN,def,26,15,0.576923,0.1938441973425842
2024,16,TEN,off,25,9,0.36,0.019321654776576908
2024,16,WAS,def,29,8,0.275862,-0.2370640116278082
2024,16,WAS,off,29,14,0.482759,-0.2660378416546556
2024,17,ARI,def,21,12,0.571429,0.12962414873514458
2024,17,ARI,off,34,17,0.5,-0.051432761965449623
2024,17,ATL,def,34,17,0.5,-0.07833117849333897
2024,17,ATL,off,28,17,0.607143,0.08623529459042142
2024,17,BAL,def,20,8,0.4,-0.09761269009904935
2024,17,BAL,off,31,19,0.612903,0.3125444219810062
2024,17,BUF,def,28,17,0.607143,0.024170834381948225
2024,17,BUF,off,26,14,0.538462,-0.1430168260950058
2024,17,CAR,def,36,23,0.638889,0.377397850563284
2024,17,CAR,off,20,8,0.4,0.03444506921738479
2024,17,CHI,def,21,12,0.571429,-0.04195963119577971
2024,17,CHI,off,21,9,0.428571,-0.3581704710072483
2024,17,CIN,def,26,11,0.423077,0.05971769274597486
2024,17,CIN,off,39,24,0.615385,0.13751958215755458
2024,17,CLE,def,25,13,0.52,0.07756605746340937
2024,17,CLE,off,30,10,0.333333,-0.28661321434774434
2024,17,DAL,def,25,11,0.44,-0.002886347193270922
2024,17,DAL,off,25,13,0.52,-0.1160256074438803
2024,17,DEN,def,39,24,0.615385,0.13751958215755458
2024,17,DEN,off,26,11,0.423077,0.05971769274597486
2024,17,DET,def,31,16,0.516129,-0.15921961280119215
2024,17,DET,off,26,14,0.538462,0.011518582847202197
2024,17,GB,def,31,15,0.483871,-0.0604090009489277
2024,17,GB,off,23,13,0.565217,0.0659024014729885
2024,17,HOU,def,31,19,0.612903,0.3125444219810062
2024,17,HOU,off,20,8,0.4,-0.09761269009904935
2024,17,IND,def,20,9,0.45,0.16520629005826776
2024,17,IND,off,33,19,0.575758,-0.0050510564258068125
2024,17,JAX,def,29,19,0.655172,0.1919053239398636
2024,17,JAX,off,23,8,0.347826,-0.18756569274473409
2024,17,KC,def,31,19,0.612903,0.17054649030662053
2024,17,KC,off,27,18,0.666667,0.1710910482161799
2024,17,LA,def,34,17,0.5,-0.051432761965449623
2024,17,LA,off,21,12,0.571429,0.12962414873514458
2024,17,LAC,def,20,11,0.55,-0.007837480551097542
2024,17,LAC,off,32,18,0.5625,0.17308566992019242
2024,17,LV,def,22,10,0.454545,-0.15208203660123135
2024,17,LV,off,30,13,0.433333,-0.00676038305585583
2024,17,MIA,def,30,10,0.333333,-0.28661321434774434
2024,17,MIA,off,25,13,0.52,0.07756605746340937
2024,17,MIN,def,23,13,0.565217,0.0659024014729885
2024,17,MIN,off,31,15,0.483871,-0.0604090009489277
2024,17,NE,def,32,18,0.5625,0.17308566992019242
2024,17,NE,off,20,11,0.55,-0.007837480551097542
2024,17,NO,def,30,13,0.433333,-0.00676038305585583
2024,17,NO,off,22,10,0.454545,-0.15208203660123135
2024,17,NYG,def,33,19,0.575758,-0.0050510564258068125
2024,17,NYG,off,20,9,0.45,0.16520629005826776
2024,17,NYJ,def,26,14,0.538462,-0.1430168260950058
2024,17,NYJ,off,28,17,0.607143,0.024170834381948225
2024,17,PHI,def,25,13,0.52,-0.1160256074438803
2024,17,PHI,off,25,11,0.44,-0.002886347193270922
2024,17,PIT,def,27,18,0.666667,0.1710910482161799
2024,17,PIT,off,31,19,0.612903,0.17054649030662053
2024,17,SEA,def,21,9,0.428571,-0.3581704710072483
2024,17,SEA,off,21,12,0.571429,-0.04195963119577971
2024,17,SF,def,26,14,0.538462,0.011518582847202197
2024,17,SF,off,31,16,0.516129,-0.15921961280119215
2024,17,TB,def,20,8,0.4,0.03444506921738479
2024,17,TB,off,36,23,0.638889,0.377397850563284
2024,17,TEN,def,23,8,0.347826,-0.18756569274473409
2024,17,TEN,off,29,19,0.655172,0.1919053239398636
2024,17,WAS,def,28,17,0.607143,0.08623529459042142
2024,17,WAS,off,34,17,0.5,-0.07833117849333897
2024,18,ARI,def,34,22,0.647059,0.22277434392120032
2024,18,ARI,off,31,20,0.645161,0.37158505852717244
2024,18,ATL,def,29,18,0.62069,0.16848714595985728
2024,18,ATL,off,35,22,0.628571,0.09245189980470708
2024,18,BAL,def,23,9,0.391304,0.10477645022531404
2024,18,BAL,off,26,11,0.423077,-0.09356009221720832
2024,18,BUF,def,26,14,0.538462,-0.2862430360412243
2024,18,BUF,off,24,11,0.458333,-0.13573156324006655
2024,18,CAR,def,35,22,0.628571,0.09245189980470708
2024,18,CAR,off,29,18,0.62069,0.16848714595985728
2024,18,CHI,def,30,18,0.6,-0.24712383091876594
2024,18,CHI,off,23,10,0.434783,-0.5956817093740582
2024,18,CIN,def,25,9,0.36,-0.037034479737048966
2024,18,CIN,off,30,16,0.533333,0.12575931361255546
2024,18,CLE,def,26,11,0.423077,-0.09356009221720832
2024,18,CLE,off,23,9,0.391304,0.10477645022531404
2024,18,DAL,def,23,11,0.478261,-0.02245063327111142
2024,18,DAL,off,33,15,0.454545,0.048356731939058976
2024,18,DEN,def,12,3,0.25,-0.13953441476041917
2024,18,DEN,off,32,20,0.625,0.2039742981303308
2024,18,DET,def,23,7,0.304348,-0.3891258671596322
2024,18,DET,off,30,16,0.533333,-0.07126448969927117
2024,18,GB,def,23,10,0.434783,-0.5956817093740582
2024,18,GB,off,30,18,0.6,-0.24712383091876594
2024,18,HOU,def,23,12,0.521739,-0.11387118401699295
2024,18,HOU,off,25,15,0.6,0.2051806300273165
2024,18,IND,def,28,17,0.607143,-0.029427605504419523
2024,18,IND,off,34,23,0.676471,0.17479614433678387
2024,18,JAX,def,34,23,0.676471,0.17479614433678387
2024,18,JAX,off,28,17,0.607143,-0.029427605504419523
2024,18,KC,def,32,20,0.625,0.2039742981303308
2024,18,KC,off,12,3,0.25,-0.13953441476041917
2024,18,LA,def,23,13,0.565217,0.01642000612438373
2024,18,LA,off,28,15,0.535714,0.1558599518860044
2024,18,LAC,def,22,17,0.772727,0.3683598177449312
2024,18,LAC,off,30,17,0.566667,0.09760315652335218
2024,18,LV,def,30,17,0.566667,0.09760315652335218
2024,18,LV,off,22,17,0.772727,0.3683598177449312
2024,18,MIA,def,30,16,0.533333,-0.059821101997901374
2024,18,MIA,off,31,11,0.354839,-0.300550946547094
2024,18,MIN,def,30,16,0.533333,-0.07126448969927117
2024,18,MIN,off,23,7,0.304348,-0.3891258671596322
2024,18,NE,def,24,11,0.458333,-0.13573156324006655
2024,18,NE,off,26,14,0.538462,-0.2862430360412243
2024,18,NO,def,26,13,0.5,-0.07025283539349822
2024,18,NO,off,27,13,0.481481,-0.08149268432343551
2024,18,NYG,def,28,9,0.321429,-0.17137159799624765
2024,18,NYG,off,18,10,0.555556,-0.1418030421644087
2024,18,NYJ,def,31,11,0.354839,-0.300550946547094
2024,18,NYJ,off,30,16,0.533333,-0.059821101997901374
2024,18,PHI,def,18,10,0.555556,-0.1418030421644087
2024,18,PHI,off,28,9,0.321429,-0.17137159799624765
2024,18,PIT,def,30,16,0.533333,0.12575931361255546
2024,18,PIT,off,25,9,0.36,-0.037034479737048966
2024,18,SEA,def,28,15,0.535714,0.1558599518860044
2024,18,SEA,off,23,13,0.565217,0.01642000612438373
2024,18,SF,def,31,20,0.645161,0.37158505852717244
2024,18,SF,off,34,22,0.647059,0.22277434392120032
2024,18,TB,def,27,13,0.481481,-0.08149268432343551
2024,18,TB,off,26,13,0.5,-0.07025283539349822
2024,18,TEN,def,25,15,0.6,0.2051806300273165
2024,18,TEN,off,23,12,0.521739,-0.11387118401699295
2024,18,WAS,def,33,15,0.454545,0.048356731939058976
2024,18,WAS,off,23,11,0.478261,-0.02245063327111142
2024,19,BAL,def,17,8,0.470588,0.011249325409367242
2024,19,BAL,off,31,13,0.419355,0.14677880779791233
2024,19,BUF,def,19,13,0.684211,0.18218507257960237
2024,19,BUF,off,30,17,0.566667,0.1634814179696453
2024,19,DEN,def,30,17,0.566667,0.1634814179696453
2024,19,DEN,off,19,13,0.684211,0.18218507257960237
2024,19,GB,def,24,13,0.541667,-0.0035880206827035486
2024,19,GB,off,25,14,0.56,-0.03299249940202571
2024,19,HOU,def,26,11,0.423077,-0.761174967543831
2024,19,HOU,off,30,17,0.566667,-0.4374573242831199
2024,19,LA,def,27,10,0.37037,-0.14832518761546384
2024,19,LA,off,24,13,0.541667,0.14418183564218148
2024,19,LAC,def,30,17,0.566667,-0.4374573242831199
2024,19,LAC,off,26,11,0.423077,-0.761174967543831
2024,19,MIN,def,24,13,0.541667,0.14418183564218148
2024,19,MIN,off,27,10,0.37037,-0.14832518761546384
2024,19,PHI,def,25,14,0.56,-0.03299249940202571
2024,19,PHI,off,24,13,0.541667,-0.0035880206827035486
2024,19,PIT,def,31,13,0.419355,0.14677880779791233
2024,19,PIT,off,17,8,0.470588,0.011249325409367242
2024,19,TB,def,25,16,0.64,0.10962066120351664
2024,19,TB,off,23,14,0.608696,0.08947927570071719
2024,19,WAS,def,23,14,0.608696,0.08947927570071719
2024,19,WAS,off,25,16,0.64,0.10962066120351664
2024,20,BAL,def,25,14,0.56,0.03175695001613349
2024,20,BAL,off,28,16,0.571429,0.31613007942775895
2024,20,BUF,def,28,16,0.571429,0.31613007942775895
2024,20,BUF,off,25,14,0.56,0.03175695001613349
2024,20,DET,def,31,16,0.516129,0.19492339455492555
2024,20,DET,off,34,20,0.588235,0.16335915604106369
2024,20,HOU,def,20,11,0.55,-0.06291699541616254
2024,20,HOU,off,25,12,0.48,0.07235685516381636
2024,20,KC,def,25,12,0.48,0.07235685516381636
2024,20,KC,off,20,11,0.55,-0.06291699541616254
2024,20,LA,def,24,13,0.541667,0.2167073349628481
2024,20,LA,off,28,13,0.464286,0.02704139353071306
2024,20,PHI,def,28,13,0.464286,0.02704139353071306
2024,20,PHI,off,24,13,0.541667,0.2167073349628481
2024,20,WAS,def,34,20,0.588235,0.16335915604106369
2024,20,WAS,off,31,16,0.516129,0.19492339455492555
2024,21,BUF,def,31,18,0.580645,0.2786028481308266
2024,21,BUF,off,26,16,0.615385,0.1117636362502638
2024,21,KC,def,26,16,0.615385,0.1117636362502638
2024,21,KC,off,31,18,0.580645,0.2786028481308266
2024,21,PHI,def,30,14,0.466667,-0.3652733252474814
2024,21,PHI,off,31,19,0.612903,0.44666216533815095
2024,21,WAS,def,31,19,0.612903,0.44666216533815095
2024,21,WAS,off,30,14,0.466667,-0.3652733252474814
2024,22,KC,def,30,13,0.433333,-0.06823678059348216
2024,22,KC,off,22,13,0.590909,-0.08002147005754523
2024,22,PHI,def,22,13,0.590909,-0.08002147005754523
2024,22,PHI,off,30,13,0.433333,-0.06823678059348216
