season,week,team,opp,rz_trips,rz_td,rz_fg,rz_empty,rz_efficiency,rz_trips_allowed,rz_td_allowed,rz_fg_allowed,rz_empty_allowed,rz_efficiency_allowed
2024,1,ARI,BUF,4.0,2.0,0.0,2.0,0.5,7.0,4.0,0.0,3.0,0.5714
2024,1,ATL,PIT,2.0,1.0,0.0,1.0,0.5,2.0,0.0,0.0,2.0,0.0
2024,1,BAL,KC,4.0,1.0,0.0,3.0,0.25,3.0,1.0,0.0,2.0,0.3333
2024,1,BUF,ARI,7.0,4.0,0.0,3.0,0.5714,4.0,2.0,0.0,2.0,0.5
2024,1,CAR,NO,2.0,1.0,0.0,1.0,0.5,5.0,4.0,0.0,1.0,0.8
2024,1,CHI,TEN,1.0,0.0,0.0,1.0,0.0,2.0,2.0,0.0,0.0,1.0
2024,1,CIN,NE,2.0,1.0,0.0,1.0,0.5,3.0,1.0,0.0,2.0,0.3333
2024,1,CLE,DAL,2.0,2.0,0.0,0.0,1.0,2.0,1.0,0.0,1.0,0.5
2024,1,DAL,CLE,2.0,1.0,0.0,1.0,0.5,2.0,2.0,0.0,0.0,1.0
2024,1,DEN,SEA,4.0,1.0,0.0,3.0,0.25,1.0,0.0,0.0,1.0,0.0
2024,1,DET,LA,4.0,2.0,0.0,2.0,0.5,5.0,2.0,0.0,3.0,0.4
2024,1,GB,PHI,4.0,1.0,0.0,3.0,0.25,6.0,4.0,0.0,2.0,0.6667
2024,1,HOU,IND,3.0,3.0,0.0,0.0,1.0,3.0,2.0,0.0,1.0,0.6667
2024,1,IND,HOU,3.0,2.0,0.0,1.0,0.6667,3.0,3.0,0.0,0.0,1.0
2024,1,JAX,MIA,3.0,2.0,0.0,1.0,0.6667,2.0,1.0,0.0,1.0,0.5
2024,1,KC,BAL,3.0,1.0,0.0,2.0,0.3333,4.0,1.0,0.0,3.0,0.25
2024,1,LA,DET,5.0,2.0,0.0,3.0,0.4,4.0,2.0,0.0,2.0,0.5
2024,1,LAC,LV,4.0,2.0,0.0,2.0,0.5,1.0,0.0,0.0,1.0,0.0
2024,1,LV,LAC,1.0,0.0,0.0,1.0,0.0,4.0,2.0,0.0,2.0,0.5
2024,1,MIA,JAX,2.0,1.0,0.0,1.0,0.5,3.0,2.0,0.0,1.0,0.6667
2024,1,MIN,NYG,2.0,2.0,0.0,0.0,1.0,3.0,0.0,0.0,3.0,0.0
2024,1,NE,CIN,3.0,1.0,0.0,2.0,0.3333,2.0,1.0,0.0,1.0,0.5
2024,1,NO,CAR,5.0,4.0,0.0,1.0,0.8,2.0,1.0,0.0,1.0,0.5
2024,1,NYG,MIN,3.0,0.0,0.0,3.0,0.0,2.0,2.0,0.0,0.0,1.0
2024,1,NYJ,SF,2.0,2.0,0.0,0.0,1.0,5.0,2.0,0.0,3.0,0.4
2024,1,PHI,GB,6.0,4.0,0.0,2.0,0.6667,4.0,1.0,0.0,3.0,0.25
2024,1,PIT,ATL,2.0,0.0,0.0,2.0,0.0,2.0,1.0,0.0,1.0,0.5
2024,1,SEA,DEN,1.0,0.0,0.0,1.0,0.0,4.0,1.0,0.0,3.0,0.25
2024,1,SF,NYJ,5.0,2.0,0.0,3.0,0.4,2.0,2.0,0.0,0.0,1.0
2024,1,TB,WAS,5.0,3.0,0.0,2.0,0.6,3.0,3.0,0.0,0.0,1.0
2024,1,TEN,CHI,2.0,2.0,0.0,0.0,1.0,1.0,0.0,0.0,1.0,0.0
2024,1,WAS,TB,3.0,3.0,0.0,0.0,1.0,5.0,3.0,0.0,2.0,0.6
2024,2,ARI,LA,4.0,3.0,0.0,1.0,0.75,3.0,1.0,0.0,2.0,0.3333
2024,2,ATL,PHI,3.0,1.0,0.0,2.0,0.3333,5.0,2.0,0.0,3.0,0.4
2024,2,BAL,LV,3.0,2.0,0.0,1.0,0.6667,4.0,2.0,0.0,2.0,0.5
2024,2,BUF,MIA,2.0,2.0,0.0,0.0,1.0,4.0,2.0,0.0,2.0,0.5
2024,2,CAR,LAC,1.0,0.0,0.0,1.0,0.0,2.0,1.0,0.0,1.0,0.5
2024,2,CHI,HOU,1.0,1.0,0.0,0.0,1.0,2.0,1.0,0.0,1.0,0.5
2024,2,CIN,KC,4.0,2.0,0.0,2.0,0.5,2.0,1.0,0.0,1.0,0.5
2024,2,CLE,JAX,2.0,1.0,0.0,1.0,0.5,4.0,1.0,0.0,3.0,0.25
2024,2,DAL,NO,3.0,0.0,0.0,3.0,0.0,5.0,4.0,0.0,1.0,0.8
2024,2,DEN,PIT,3.0,0.0,0.0,3.0,0.0,2.0,1.0,0.0,1.0,0.5
2024,2,DET,TB,6.0,1.0,0.0,5.0,0.1667,2.0,1.0,0.0,1.0,0.5
2024,2,GB,IND,3.0,1.0,0.0,2.0,0.3333,2.0,1.0,0.0,1.0,0.5
2024,2,HOU,CHI,2.0,1.0,0.0,1.0,0.5,1.0,1.0,0.0,0.0,1.0
2024,2,IND,GB,2.0,1.0,0.0,1.0,0.5,3.0,1.0,0.0,2.0,0.3333
2024,2,JAX,CLE,4.0,1.0,0.0,3.0,0.25,2.0,1.0,0.0,1.0,0.5
2024,2,KC,CIN,2.0,1.0,0.0,1.0,0.5,4.0,2.0,0.0,2.0,0.5
2024,2,LA,ARI,3.0,1.0,0.0,2.0,0.3333,4.0,3.0,0.0,1.0,0.75
2024,2,LAC,CAR,2.0,1.0,0.0,1.0,0.5,1.0,0.0,0.0,1.0,0.0
2024,2,LV,BAL,4.0,2.0,0.0,2.0,0.5,3.0,2.0,0.0,1.0,0.6667
2024,2,MIA,BUF,4.0,2.0,0.0,2.0,0.5,2.0,2.0,0.0,0.0,1.0
2024,2,MIN,SF,4.0,1.0,0.0,3.0,0.25,4.0,2.0,0.0,2.0,0.5
2024,2,NE,SEA,4.0,2.0,0.0,2.0,0.5,3.0,1.0,0.0,2.0,0.3333
2024,2,NO,DAL,5.0,4.0,0.0,1.0,0.8,3.0,0.0,0.0,3.0,0.0
2024,2,NYG,WAS,3.0,3.0,0.0,0.0,1.0,7.0,0.0,0.0,7.0,0.0
2024,2,NYJ,TEN,3.0,2.0,0.0,1.0,0.6667,4.0,1.0,0.0,3.0,0.25
2024,2,PHI,ATL,5.0,2.0,0.0,3.0,0.4,3.0,1.0,0.0,2.0,0.3333
2024,2,PIT,DEN,2.0,1.0,0.0,1.0,0.5,3.0,0.0,0.0,3.0,0.0
2024,2,SEA,NE,3.0,1.0,0.0,2.0,0.3333,4.0,2.0,0.0,2.0,0.5
2024,2,SF,MIN,4.0,2.0,0.0,2.0,0.5,4.0,1.0,0.0,3.0,0.25
2024,2,TB,DET,2.0,1.0,0.0,1.0,0.5,6.0,1.0,0.0,5.0,0.1667
2024,2,TEN,NYJ,4.0,1.0,0.0,3.0,0.25,3.0,2.0,0.0,1.0,0.6667
2024,2,WAS,NYG,7.0,0.0,0.0,7.0,0.0,3.0,3.0,0.0,0.0,1.0
2024,3,ARI,DET,1.0,1.0,0.0,0.0,1.0,2.0,2.0,0.0,0.0,1.0
2024,3,ATL,KC,4.0,2.0,0.0,2.0,0.5,4.0,2.0,0.0,2.0,0.5
2024,3,BAL,DAL,3.0,3.0,0.0,0.0,1.0,3.0,2.0,0.0,1.0,0.6667
2024,3,BUF,JAX,5.0,4.0,0.0,1.0,0.8,4.0,1.0,0.0,3.0,0.25
2024,3,CAR,LV,5.0,3.0,0.0,2.0,0.6,3.0,3.0,0.0,0.0,1.0
2024,3,CHI,IND,3.0,2.0,0.0,1.0,0.6667,3.0,2.0,0.0,1.0,0.6667
2024,3,CIN,WAS,4.0,2.0,0.0,2.0,0.5,3.0,3.0,0.0,0.0,1.0
2024,3,CLE,NYG,1.0,1.0,0.0,0.0,1.0,4.0,3.0,0.0,1.0,0.75
2024,3,DAL,BAL,3.0,2.0,0.0,1.0,0.6667,3.0,3.0,0.0,0.0,1.0
2024,3,DEN,TB,5.0,2.0,0.0,3.0,0.4,2.0,1.0,0.0,1.0,0.5
2024,3,DET,ARI,2.0,2.0,0.0,0.0,1.0,1.0,1.0,0.0,0.0,1.0
2024,3,GB,TEN,3.0,1.0,0.0,2.0,0.3333,2.0,2.0,0.0,0.0,1.0
2024,3,HOU,MIN,2.0,1.0,0.0,1.0,0.5,5.0,4.0,0.0,1.0,0.8
2024,3,IND,CHI,3.0,2.0,0.0,1.0,0.6667,3.0,2.0,0.0,1.0,0.6667
2024,3,JAX,BUF,4.0,1.0,0.0,3.0,0.25,5.0,4.0,0.0,1.0,0.8
2024,3,KC,ATL,4.0,2.0,0.0,2.0,0.5,4.0,2.0,0.0,2.0,0.5
2024,3,LA,SF,5.0,3.0,0.0,2.0,0.6,3.0,2.0,0.0,1.0,0.6667
2024,3,LAC,PIT,1.0,0.0,0.0,1.0,0.0,4.0,1.0,0.0,3.0,0.25
2024,3,LV,CAR,3.0,3.0,0.0,0.0,1.0,5.0,3.0,0.0,2.0,0.6
2024,3,MIA,SEA,2.0,0.0,0.0,2.0,0.0,2.0,2.0,0.0,0.0,1.0
2024,3,MIN,HOU,5.0,4.0,0.0,1.0,0.8,2.0,1.0,0.0,1.0,0.5
2024,3,NE,NYJ,1.0,0.0,0.0,1.0,0.0,4.0,3.0,0.0,1.0,0.75
2024,3,NO,PHI,4.0,1.0,0.0,3.0,0.25,3.0,1.0,0.0,2.0,0.3333
2024,3,NYG,CLE,4.0,3.0,0.0,1.0,0.75,1.0,1.0,0.0,0.0,1.0
2024,3,NYJ,NE,4.0,3.0,0.0,1.0,0.75,1.0,0.0,0.0,1.0,0.0
2024,3,PHI,NO,3.0,1.0,0.0,2.0,0.3333,4.0,1.0,0.0,3.0,0.25
2024,3,PIT,LAC,4.0,1.0,0.0,3.0,0.25,1.0,0.0,0.0,1.0,0.0
2024,3,SEA,MIA,2.0,2.0,0.0,0.0,1.0,2.0,0.0,0.0,2.0,0.0
2024,3,SF,LA,3.0,2.0,0.0,1.0,0.6667,5.0,3.0,0.0,2.0,0.6
2024,3,TB,DEN,2.0,1.0,0.0,1.0,0.5,5.0,2.0,0.0,3.0,0.4
2024,3,TEN,GB,2.0,2.0,0.0,0.0,1.0,3.0,1.0,0.0,2.0,0.3333
2024,3,WAS,CIN,3.0,3.0,0.0,0.0,1.0,4.0,2.0,0.0,2.0,0.5
2024,4,ARI,WAS,2.0,2.0,0.0,0.0,1.0,5.0,4.0,0.0,1.0,0.8
2024,4,ATL,NO,1.0,0.0,0.0,1.0,0.0,4.0,3.0,0.0,1.0,0.75
2024,4,BAL,BUF,4.0,4.0,0.0,0.0,1.0,2.0,1.0,0.0,1.0,0.5
2024,4,BUF,BAL,2.0,1.0,0.0,1.0,0.5,4.0,4.0,0.0,0.0,1.0
2024,4,CAR,CIN,3.0,2.0,0.0,1.0,0.6667,3.0,3.0,0.0,0.0,1.0
2024,4,CHI,LA,4.0,2.0,0.0,2.0,0.5,4.0,1.0,0.0,3.0,0.25
2024,4,CIN,CAR,3.0,3.0,0.0,0.0,1.0,3.0,2.0,0.0,1.0,0.6667
2024,4,CLE,LV,2.0,1.0,0.0,1.0,0.5,3.0,2.0,0.0,1.0,0.6667
2024,4,DAL,NYG,1.0,1.0,0.0,0.0,1.0,3.0,0.0,0.0,3.0,0.0
2024,4,DEN,NYJ,1.0,1.0,0.0,0.0,1.0,2.0,0.0,0.0,2.0,0.0
2024,4,DET,SEA,5.0,5.0,0.0,0.0,1.0,5.0,3.0,0.0,2.0,0.6
2024,4,GB,MIN,5.0,4.0,0.0,1.0,0.8,6.0,3.0,0.0,3.0,0.5
2024,4,HOU,JAX,4.0,3.0,0.0,1.0,0.75,3.0,2.0,0.0,1.0,0.6667
2024,4,IND,PIT,5.0,3.0,0.0,2.0,0.6,4.0,3.0,0.0,1.0,0.75
2024,4,JAX,HOU,3.0,2.0,0.0,1.0,0.6667,4.0,3.0,0.0,1.0,0.75
2024,4,KC,LAC,2.0,1.0,0.0,1.0,0.5,3.0,1.0,0.0,2.0,0.3333
2024,4,LA,CHI,4.0,1.0,0.0,3.0,0.25,4.0,2.0,0.0,2.0,0.5
2024,4,LAC,KC,3.0,1.0,0.0,2.0,0.3333,2.0,1.0,0.0,1.0,0.5
2024,4,LV,CLE,3.0,2.0,0.0,1.0,0.6667,2.0,1.0,0.0,1.0,0.5
2024,4,MIA,TEN,1.0,1.0,0.0,0.0,1.0,3.0,2.0,0.0,1.0,0.6667
2024,4,MIN,GB,6.0,3.0,0.0,3.0,0.5,5.0,4.0,0.0,1.0,0.8
2024,4,NE,SF,3.0,2.0,0.0,1.0,0.6667,4.0,2.0,0.0,2.0,0.5
2024,4,NO,ATL,4.0,3.0,0.0,1.0,0.75,1.0,0.0,0.0,1.0,0.0
2024,4,NYG,DAL,3.0,0.0,0.0,3.0,0.0,1.0,1.0,0.0,0.0,1.0
2024,4,NYJ,DEN,2.0,0.0,0.0,2.0,0.0,1.0,1.0,0.0,0.0,1.0
2024,4,PHI,TB,3.0,2.0,0.0,1.0,0.6667,6.0,4.0,0.0,2.0,0.6667
2024,4,PIT,IND,4.0,3.0,0.0,1.0,0.75,5.0,3.0,0.0,2.0,0.6
2024,4,SEA,DET,5.0,3.0,0.0,2.0,0.6,5.0,5.0,0.0,0.0,1.0
2024,4,SF,NE,4.0,2.0,0.0,2.0,0.5,3.0,2.0,0.0,1.0,0.6667
2024,4,TB,PHI,6.0,4.0,0.0,2.0,0.6667,3.0,2.0,0.0,1.0,0.6667
2024,4,TEN,MIA,3.0,2.0,0.0,1.0,0.6667,1.0,1.0,0.0,0.0,1.0
2024,4,WAS,ARI,5.0,4.0,0.0,1.0,0.8,2.0,2.0,0.0,0.0,1.0
2024,5,ARI,SF,4.0,1.0,0.0,3.0,0.25,6.0,1.0,0.0,5.0,0.1667
2024,5,ATL,TB,4.0,2.0,0.0,2.0,0.5,3.0,2.0,0.0,1.0,0.6667
2024,5,BAL,CIN,6.0,5.0,0.0,1.0,0.8333,3.0,3.0,0.0,0.0,1.0
2024,5,BUF,HOU,3.0,1.0,0.0,2.0,0.3333,2.0,1.0,0.0,1.0,0.5
2024,5,CAR,CHI,2.0,0.0,0.0,2.0,0.0,4.0,3.0,0.0,1.0,0.75
2024,5,CHI,CAR,4.0,3.0,0.0,1.0,0.75,2.0,0.0,0.0,2.0,0.0
2024,5,CIN,BAL,3.0,3.0,0.0,0.0,1.0,6.0,5.0,0.0,1.0,0.8333
2024,5,CLE,WAS,2.0,1.0,0.0,1.0,0.5,6.0,3.0,0.0,3.0,0.5
2024,5,DAL,PIT,5.0,1.0,0.0,4.0,0.2,2.0,2.0,0.0,0.0,1.0
2024,5,DEN,LV,4.0,3.0,0.0,1.0,0.75,2.0,2.0,0.0,0.0,1.0
2024,5,GB,LA,3.0,3.0,0.0,0.0,1.0,3.0,2.0,0.0,1.0,0.6667
2024,5,HOU,BUF,2.0,1.0,0.0,1.0,0.5,3.0,1.0,0.0,2.0,0.3333
2024,5,IND,JAX,5.0,3.0,0.0,2.0,0.6,4.0,2.0,0.0,2.0,0.5
2024,5,JAX,IND,4.0,2.0,0.0,2.0,0.5,5.0,3.0,0.0,2.0,0.6
2024,5,KC,NO,7.0,2.0,0.0,5.0,0.2857,1.0,1.0,0.0,0.0,1.0
2024,5,LA,GB,3.0,2.0,0.0,1.0,0.6667,3.0,3.0,0.0,0.0,1.0
2024,5,LV,DEN,2.0,2.0,0.0,0.0,1.0,4.0,3.0,0.0,1.0,0.75
2024,5,MIA,NE,3.0,1.0,0.0,2.0,0.3333,3.0,0.0,0.0,3.0,0.0
2024,5,MIN,NYJ,1.0,1.0,0.0,0.0,1.0,3.0,2.0,0.0,1.0,0.6667
2024,5,NE,MIA,3.0,0.0,0.0,3.0,0.0,3.0,1.0,0.0,2.0,0.3333
2024,5,NO,KC,1.0,1.0,0.0,0.0,1.0,7.0,2.0,0.0,5.0,0.2857
2024,5,NYG,SEA,5.0,2.0,0.0,3.0,0.4,1.0,1.0,0.0,0.0,1.0
2024,5,NYJ,MIN,3.0,2.0,0.0,1.0,0.6667,1.0,1.0,0.0,0.0,1.0
2024,5,PIT,DAL,2.0,2.0,0.0,0.0,1.0,5.0,1.0,0.0,4.0,0.2
2024,5,SEA,NYG,1.0,1.0,0.0,0.0,1.0,5.0,2.0,0.0,3.0,0.4
2024,5,SF,ARI,6.0,1.0,0.0,5.0,0.1667,4.0,1.0,0.0,3.0,0.25
2024,5,TB,ATL,3.0,2.0,0.0,1.0,0.6667,4.0,2.0,0.0,2.0,0.5
2024,5,WAS,CLE,6.0,3.0,0.0,3.0,0.5,2.0,1.0,0.0,1.0,0.5
2024,6,ARI,GB,3.0,1.0,0.0,2.0,0.3333,5.0,3.0,0.0,2.0,0.6
2024,6,ATL,CAR,8.0,4.0,0.0,4.0,0.5,4.0,2.0,0.0,2.0,0.5
2024,6,BAL,WAS,5.0,3.0,0.0,2.0,0.6,3.0,2.0,0.0,1.0,0.6667
2024,6,BUF,NYJ,4.0,3.0,0.0,1.0,0.75,4.0,1.0,0.0,3.0,0.25
2024,6,CAR,ATL,4.0,2.0,0.0,2.0,0.5,8.0,4.0,0.0,4.0,0.5
2024,6,CHI,JAX,4.0,4.0,0.0,0.0,1.0,3.0,2.0,0.0,1.0,0.6667
2024,6,CIN,NYG,1.0,0.0,0.0,1.0,0.0,2.0,1.0,0.0,1.0,0.5
2024,6,CLE,PHI,2.0,0.0,0.0,2.0,0.0,1.0,0.0,0.0,1.0,0.0
2024,6,DAL,DET,3.0,0.0,0.0,3.0,0.0,5.0,3.0,0.0,2.0,0.6
2024,6,DEN,LAC,2.0,2.0,0.0,0.0,1.0,3.0,1.0,0.0,2.0,0.3333
2024,6,DET,DAL,5.0,3.0,0.0,2.0,0.6,3.0,0.0,0.0,3.0,0.0
2024,6,GB,ARI,5.0,3.0,0.0,2.0,0.6,3.0,1.0,0.0,2.0,0.3333
2024,6,HOU,NE,4.0,4.0,0.0,0.0,1.0,2.0,1.0,0.0,1.0,0.5
2024,6,IND,TEN,3.0,1.0,0.0,2.0,0.3333,2.0,2.0,0.0,0.0,1.0
2024,6,JAX,CHI,3.0,2.0,0.0,1.0,0.6667,4.0,4.0,0.0,0.0,1.0
2024,6,LAC,DEN,3.0,1.0,0.0,2.0,0.3333,2.0,2.0,0.0,0.0,1.0
2024,6,LV,PIT,3.0,2.0,0.0,1.0,0.6667,4.0,2.0,0.0,2.0,0.5
2024,6,NE,HOU,2.0,1.0,0.0,1.0,0.5,4.0,4.0,0.0,0.0,1.0
2024,6,NO,TB,4.0,2.0,0.0,2.0,0.5,5.0,4.0,0.0,1.0,0.8
2024,6,NYG,CIN,2.0,1.0,0.0,1.0,0.5,1.0,0.0,0.0,1.0,0.0
2024,6,NYJ,BUF,4.0,1.0,0.0,3.0,0.25,4.0,3.0,0.0,1.0,0.75
2024,6,PHI,CLE,1.0,0.0,0.0,1.0,0.0,2.0,0.0,0.0,2.0,0.0
2024,6,PIT,LV,4.0,2.0,0.0,2.0,0.5,3.0,2.0,0.0,1.0,0.6667
2024,6,SEA,SF,3.0,2.0,0.0,1.0,0.6667,5.0,3.0,0.0,2.0,0.6
2024,6,SF,SEA,5.0,3.0,0.0,2.0,0.6,3.0,2.0,0.0,1.0,0.6667
2024,6,TB,NO,5.0,4.0,0.0,1.0,0.8,4.0,2.0,0.0,2.0,0.5
2024,6,TEN,IND,2.0,2.0,0.0,0.0,1.0,3.0,1.0,0.0,2.0,0.3333
2024,6,WAS,BAL,3.0,2.0,0.0,1.0,0.6667,5.0,3.0,0.0,2.0,0.6
2024,7,ARI,LAC,2.0,1.0,0.0,1.0,0.5,1.0,0.0,0.0,1.0,0.0
2024,7,ATL,SEA,2.0,2.0,0.0,0.0,1.0,3.0,2.0,0.0,1.0,0.6667
2024,7,BAL,TB,5.0,4.0,0.0,1.0,0.8,4.0,2.0,0.0,2.0,0.5
2024,7,BUF,TEN,6.0,4.0,0.0,2.0,0.6667,3.0,1.0,0.0,2.0,0.3333
2024,7,CAR,WAS,1.0,1.0,0.0,0.0,1.0,6.0,3.0,0.0,3.0,0.5
2024,7,CIN,CLE,1.0,1.0,0.0,0.0,1.0,2.0,2.0,0.0,0.0,1.0
2024,7,CLE,CIN,2.0,2.0,0.0,0.0,1.0,1.0,1.0,0.0,0.0,1.0
2024,7,DEN,NO,4.0,2.0,0.0,2.0,0.5,2.0,1.0,0.0,1.0,0.5
2024,7,DET,MIN,1.0,1.0,0.0,0.0,1.0,0.0,0.0,0.0,0.0,0.0
2024,7,GB,HOU,2.0,2.0,0.0,0.0,1.0,4.0,2.0,0.0,2.0,0.5
2024,7,HOU,GB,4.0,2.0,0.0,2.0,0.5,2.0,2.0,0.0,0.0,1.0
2024,7,IND,MIA,4.0,1.0,0.0,3.0,0.25,3.0,1.0,0.0,2.0,0.3333
2024,7,JAX,NE,5.0,3.0,0.0,2.0,0.6,2.0,2.0,0.0,0.0,1.0
2024,7,KC,SF,5.0,4.0,0.0,1.0,0.8,4.0,2.0,0.0,2.0,0.5
2024,7,LA,LV,3.0,2.0,0.0,1.0,0.6667,4.0,0.0,0.0,4.0,0.0
2024,7,LAC,ARI,1.0,0.0,0.0,1.0,0.0,2.0,1.0,0.0,1.0,0.5
2024,7,LV,LA,4.0,0.0,0.0,4.0,0.0,3.0,2.0,0.0,1.0,0.6667
2024,7,MIA,IND,3.0,1.0,0.0,2.0,0.3333,4.0,1.0,0.0,3.0,0.25
2024,7,MIN,DET,0.0,0.0,0.0,0.0,0.0,1.0,1.0,0.0,0.0,1.0
2024,7,NE,JAX,2.0,2.0,0.0,0.0,1.0,5.0,3.0,0.0,2.0,0.6
2024,7,NO,DEN,2.0,1.0,0.0,1.0,0.5,4.0,2.0,0.0,2.0,0.5
2024,7,NYG,PHI,1.0,0.0,0.0,1.0,0.0,3.0,3.0,0.0,0.0,1.0
2024,7,NYJ,PIT,3.0,2.0,0.0,1.0,0.6667,6.0,4.0,0.0,2.0,0.6667
2024,7,PHI,NYG,3.0,3.0,0.0,0.0,1.0,1.0,0.0,0.0,1.0,0.0
2024,7,PIT,NYJ,6.0,4.0,0.0,2.0,0.6667,3.0,2.0,0.0,1.0,0.6667
2024,7,SEA,ATL,3.0,2.0,0.0,1.0,0.6667,2.0,2.0,0.0,0.0,1.0
2024,7,SF,KC,4.0,2.0,0.0,2.0,0.5,5.0,4.0,0.0,1.0,0.8
2024,7,TB,BAL,4.0,2.0,0.0,2.0,0.5,5.0,4.0,0.0,1.0,0.8
2024,7,TEN,BUF,3.0,1.0,0.0,2.0,0.3333,6.0,4.0,0.0,2.0,0.6667
2024,7,WAS,CAR,6.0,3.0,0.0,3.0,0.5,1.0,1.0,0.0,0.0,1.0
2024,8,ARI,MIA,3.0,2.0,0.0,1.0,0.6667,4.0,3.0,0.0,1.0,0.75
2024,8,ATL,TB,1.0,1.0,0.0,0.0,1.0,3.0,3.0,0.0,0.0,1.0
2024,8,BAL,CLE,5.0,3.0,0.0,2.0,0.6,2.0,0.0,0.0,2.0,0.0
2024,8,BUF,SEA,6.0,4.0,0.0,2.0,0.6667,3.0,1.0,0.0,2.0,0.3333
2024,8,CAR,DEN,3.0,2.0,0.0,1.0,0.6667,5.0,4.0,0.0,1.0,0.8
2024,8,CHI,WAS,2.0,1.0,0.0,1.0,0.5,3.0,0.0,0.0,3.0,0.0
2024,8,CIN,PHI,3.0,2.0,0.0,1.0,0.6667,5.0,3.0,0.0,2.0,0.6
2024,8,CLE,BAL,2.0,0.0,0.0,2.0,0.0,5.0,3.0,0.0,2.0,0.6
2024,8,DAL,SF,4.0,3.0,0.0,1.0,0.75,4.0,3.0,0.0,1.0,0.75
2024,8,DEN,CAR,5.0,4.0,0.0,1.0,0.8,3.0,2.0,0.0,1.0,0.6667
2024,8,DET,TEN,5.0,5.0,0.0,0.0,1.0,4.0,2.0,0.0,2.0,0.5
2024,8,GB,JAX,6.0,2.0,0.0,4.0,0.3333,3.0,3.0,0.0,0.0,1.0
2024,8,HOU,IND,6.0,2.0,0.0,4.0,0.3333,2.0,1.0,0.0,1.0,0.5
2024,8,IND,HOU,2.0,1.0,0.0,1.0,0.5,6.0,2.0,0.0,4.0,0.3333
2024,8,JAX,GB,3.0,3.0,0.0,0.0,1.0,6.0,2.0,0.0,4.0,0.3333
2024,8,KC,LV,4.0,3.0,0.0,1.0,0.75,4.0,2.0,0.0,2.0,0.5
2024,8,LA,MIN,3.0,3.0,0.0,0.0,1.0,4.0,2.0,0.0,2.0,0.5
2024,8,LAC,NO,3.0,2.0,0.0,1.0,0.6667,1.0,0.0,0.0,1.0,0.0
2024,8,LV,KC,4.0,2.0,0.0,2.0,0.5,4.0,3.0,0.0,1.0,0.75
2024,8,MIA,ARI,4.0,3.0,0.0,1.0,0.75,3.0,2.0,0.0,1.0,0.6667
2024,8,MIN,LA,4.0,2.0,0.0,2.0,0.5,3.0,3.0,0.0,0.0,1.0
2024,8,NE,NYJ,4.0,3.0,0.0,1.0,0.75,5.0,3.0,0.0,2.0,0.6
2024,8,NO,LAC,1.0,0.0,0.0,1.0,0.0,3.0,2.0,0.0,1.0,0.6667
2024,8,NYG,PIT,3.0,0.0,0.0,3.0,0.0,4.0,0.0,0.0,4.0,0.0
2024,8,NYJ,NE,5.0,3.0,0.0,2.0,0.6,4.0,3.0,0.0,1.0,0.75
2024,8,PHI,CIN,5.0,3.0,0.0,2.0,0.6,3.0,2.0,0.0,1.0,0.6667
2024,8,PIT,NYG,4.0,0.0,0.0,4.0,0.0,3.0,0.0,0.0,3.0,0.0
2024,8,SEA,BUF,3.0,1.0,0.0,2.0,0.3333,6.0,4.0,0.0,2.0,0.6667
2024,8,SF,DAL,4.0,3.0,0.0,1.0,0.75,4.0,3.0,0.0,1.0,0.75
2024,8,TB,ATL,3.0,3.0,0.0,0.0,1.0,1.0,1.0,0.0,0.0,1.0
2024,8,TEN,DET,4.0,2.0,0.0,2.0,0.5,5.0,5.0,0.0,0.0,1.0
2024,8,WAS,CHI,3.0,0.0,0.0,3.0,0.0,2.0,1.0,0.0,1.0,0.5
2024,9,ARI,CHI,3.0,2.0,0.0,1.0,0.6667,1.0,0.0,0.0,1.0,0.0
2024,9,ATL,DAL,3.0,3.0,0.0,0.0,1.0,3.0,2.0,0.0,1.0,0.6667
2024,9,BAL,DEN,6.0,4.0,0.0,2.0,0.6667,4.0,1.0,0.0,3.0,0.25
2024,9,BUF,MIA,5.0,2.0,0.0,3.0,0.4,5.0,3.0,0.0,2.0,0.6
2024,9,CAR,NO,3.0,3.0,0.0,0.0,1.0,4.0,2.0,0.0,2.0,0.5
2024,9,CHI,ARI,1.0,0.0,0.0,1.0,0.0,3.0,2.0,0.0,1.0,0.6667
2024,9,CIN,LV,5.0,4.0,0.0,1.0,0.8,1.0,1.0,0.0,0.0,1.0
2024,9,CLE,LAC,3.0,1.0,0.0,2.0,0.3333,3.0,3.0,0.0,0.0,1.0
2024,9,DAL,ATL,3.0,2.0,0.0,1.0,0.6667,3.0,3.0,0.0,0.0,1.0
2024,9,DEN,BAL,4.0,1.0,0.0,3.0,0.25,6.0,4.0,0.0,2.0,0.6667
2024,9,DET,GB,4.0,2.0,0.0,2.0,0.5,4.0,1.0,0.0,3.0,0.25
2024,9,GB,DET,4.0,1.0,0.0,3.0,0.25,4.0,2.0,0.0,2.0,0.5
2024,9,HOU,NYJ,4.0,1.0,0.0,3.0,0.25,3.0,2.0,0.0,1.0,0.6667
2024,9,IND,MIN,0.0,0.0,0.0,0.0,0.0,5.0,3.0,0.0,2.0,0.6
2024,9,JAX,PHI,3.0,2.0,0.0,1.0,0.6667,5.0,4.0,0.0,1.0,0.8
2024,9,KC,TB,5.0,4.0,0.0,1.0,0.8,3.0,3.0,0.0,0.0,1.0
2024,9,LA,SEA,3.0,1.0,0.0,2.0,0.3333,4.0,2.0,0.0,2.0,0.5
2024,9,LAC,CLE,3.0,3.0,0.0,0.0,1.0,3.0,1.0,0.0,2.0,0.3333
2024,9,LV,CIN,1.0,1.0,0.0,0.0,1.0,5.0,4.0,0.0,1.0,0.8
2024,9,MIA,BUF,5.0,3.0,0.0,2.0,0.6,5.0,2.0,0.0,3.0,0.4
2024,9,MIN,IND,5.0,3.0,0.0,2.0,0.6,0.0,0.0,0.0,0.0,0.0
2024,9,NE,TEN,2.0,2.0,0.0,0.0,1.0,5.0,2.0,0.0,3.0,0.4
2024,9,NO,CAR,4.0,2.0,0.0,2.0,0.5,3.0,3.0,0.0,0.0,1.0
2024,9,NYG,WAS,3.0,2.0,0.0,1.0,0.6667,6.0,3.0,0.0,3.0,0.5
2024,9,NYJ,HOU,3.0,2.0,0.0,1.0,0.6667,4.0,1.0,0.0,3.0,0.25
2024,9,PHI,JAX,5.0,4.0,0.0,1.0,0.8,3.0,2.0,0.0,1.0,0.6667
2024,9,SEA,LA,4.0,2.0,0.0,2.0,0.5,3.0,1.0,0.0,2.0,0.3333
2024,9,TB,KC,3.0,3.0,0.0,0.0,1.0,5.0,4.0,0.0,1.0,0.8
2024,9,TEN,NE,5.0,2.0,0.0,3.0,0.4,2.0,2.0,0.0,0.0,1.0
2024,9,WAS,NYG,6.0,3.0,0.0,3.0,0.5,3.0,2.0,0.0,1.0,0.6667
2024,10,ARI,NYJ,5.0,4.0,0.0,1.0,0.8,3.0,0.0,0.0,3.0,0.0
2024,10,ATL,NO,3.0,1.0,0.0,2.0,0.3333,4.0,1.0,0.0,3.0,0.25
2024,10,BAL,CIN,4.0,4.0,0.0,0.0,1.0,3.0,3.0,0.0,0.0,1.0
2024,10,BUF,IND,4.0,2.0,0.0,2.0,0.5,5.0,2.0,0.0,3.0,0.4
2024,10,CAR,NYG,3.0,2.0,0.0,1.0,0.6667,3.0,1.0,0.0,2.0,0.3333
2024,10,CHI,NE,1.0,0.0,0.0,1.0,0.0,5.0,1.0,0.0,4.0,0.2
2024,10,CIN,BAL,3.0,3.0,0.0,0.0,1.0,4.0,4.0,0.0,0.0,1.0
2024,10,DAL,PHI,2.0,0.0,0.0,2.0,0.0,7.0,4.0,0.0,3.0,0.5714
2024,10,DEN,KC,2.0,1.0,0.0,1.0,0.5,4.0,1.0,0.0,3.0,0.25
2024,10,DET,HOU,4.0,3.0,0.0,1.0,0.75,4.0,2.0,0.0,2.0,0.5
2024,10,HOU,DET,4.0,2.0,0.0,2.0,0.5,4.0,3.0,0.0,1.0,0.75
2024,10,IND,BUF,5.0,2.0,0.0,3.0,0.4,4.0,2.0,0.0,2.0,0.5
2024,10,JAX,MIN,1.0,1.0,0.0,0.0,1.0,5.0,0.0,0.0,5.0,0.0
2024,10,KC,DEN,4.0,1.0,0.0,3.0,0.25,2.0,1.0,0.0,1.0,0.5
2024,10,LA,MIA,3.0,0.0,0.0,3.0,0.0,3.0,2.0,0.0,1.0,0.6667
2024,10,LAC,TEN,5.0,3.0,0.0,2.0,0.6,3.0,1.0,0.0,2.0,0.3333
2024,10,MIA,LA,3.0,2.0,0.0,1.0,0.6667,3.0,0.0,0.0,3.0,0.0
2024,10,MIN,JAX,5.0,0.0,0.0,5.0,0.0,1.0,1.0,0.0,0.0,1.0
2024,10,NE,CHI,5.0,1.0,0.0,4.0,0.2,1.0,0.0,0.0,1.0,0.0
2024,10,NO,ATL,4.0,1.0,0.0,3.0,0.25,3.0,1.0,0.0,2.0,0.3333
2024,10,NYG,CAR,3.0,1.0,0.0,2.0,0.3333,3.0,2.0,0.0,1.0,0.6667
2024,10,NYJ,ARI,3.0,0.0,0.0,3.0,0.0,5.0,4.0,0.0,1.0,0.8
2024,10,PHI,DAL,7.0,4.0,0.0,3.0,0.5714,2.0,0.0,0.0,2.0,0.0
2024,10,PIT,WAS,4.0,3.0,0.0,1.0,0.75,3.0,3.0,0.0,0.0,1.0
2024,10,SF,TB,3.0,1.0,0.0,2.0,0.3333,4.0,2.0,0.0,2.0,0.5
2024,10,TB,SF,4.0,2.0,0.0,2.0,0.5,3.0,1.0,0.0,2.0,0.3333
2024,10,TEN,LAC,3.0,1.0,0.0,2.0,0.3333,5.0,3.0,0.0,2.0,0.6
2024,10,WAS,PIT,3.0,3.0,0.0,0.0,1.0,4.0,3.0,0.0,1.0,0.75
2024,11,ATL,DEN,1.0,0.0,0.0,1.0,0.0,4.0,4.0,0.0,0.0,1.0
2024,11,BAL,PIT,2.0,2.0,0.0,0.0,1.0,4.0,0.0,0.0,4.0,0.0
2024,11,BUF,KC,4.0,3.0,0.0,1.0,0.75,3.0,3.0,0.0,0.0,1.0
2024,11,CHI,GB,2.0,1.0,0.0,1.0,0.5,5.0,3.0,0.0,2.0,0.6
2024,11,CIN,LAC,4.0,2.0,0.0,2.0,0.5,2.0,1.0,0.0,1.0,0.5
2024,11,CLE,NO,1.0,0.0,0.0,1.0,0.0,3.0,2.0,0.0,1.0,0.6667
2024,11,DAL,HOU,1.0,0.0,0.0,1.0,0.0,4.0,2.0,0.0,2.0,0.5
2024,11,DEN,ATL,4.0,4.0,0.0,0.0,1.0,1.0,0.0,0.0,1.0,0.0
2024,11,DET,JAX,6.0,5.0,0.0,1.0,0.8333,1.0,0.0,0.0,1.0,0.0
2024,11,GB,CHI,5.0,3.0,0.0,2.0,0.6,2.0,1.0,0.0,1.0,0.5
2024,11,HOU,DAL,4.0,2.0,0.0,2.0,0.5,1.0,0.0,0.0,1.0,0.0
2024,11,IND,NYJ,4.0,3.0,0.0,1.0,0.75,3.0,2.0,0.0,1.0,0.6667
2024,11,JAX,DET,1.0,0.0,0.0,1.0,0.0,6.0,5.0,0.0,1.0,0.8333
2024,11,KC,BUF,3.0,3.0,0.0,0.0,1.0,4.0,3.0,0.0,1.0,0.75
2024,11,LA,NE,4.0,4.0,0.0,0.0,1.0,5.0,2.0,0.0,3.0,0.4
2024,11,LAC,CIN,2.0,1.0,0.0,1.0,0.5,4.0,2.0,0.0,2.0,0.5
2024,11,LV,MIA,3.0,1.0,0.0,2.0,0.3333,4.0,3.0,0.0,1.0,0.75
2024,11,MIA,LV,4.0,3.0,0.0,1.0,0.75,3.0,1.0,0.0,2.0,0.3333
2024,11,MIN,TEN,3.0,2.0,0.0,1.0,0.6667,1.0,0.0,0.0,1.0,0.0
2024,11,NE,LA,5.0,2.0,0.0,3.0,0.4,4.0,4.0,0.0,0.0,1.0
2024,11,NO,CLE,3.0,2.0,0.0,1.0,0.6667,1.0,0.0,0.0,1.0,0.0
2024,11,NYJ,IND,3.0,2.0,0.0,1.0,0.6667,4.0,3.0,0.0,1.0,0.75
2024,11,PHI,WAS,3.0,1.0,0.0,2.0,0.3333,3.0,2.0,0.0,1.0,0.6667
2024,11,PIT,BAL,4.0,0.0,0.0,4.0,0.0,2.0,2.0,0.0,0.0,1.0
2024,11,SEA,SF,2.0,2.0,0.0,0.0,1.0,3.0,2.0,0.0,1.0,0.6667
2024,11,SF,SEA,3.0,2.0,0.0,1.0,0.6667,2.0,2.0,0.0,0.0,1.0
2024,11,TEN,MIN,1.0,0.0,0.0,1.0,0.0,3.0,2.0,0.0,1.0,0.6667
2024,11,WAS,PHI,3.0,2.0,0.0,1.0,0.6667,3.0,1.0,0.0,2.0,0.3333
2024,12,ARI,SEA,2.0,0.0,0.0,2.0,0.0,2.0,1.0,0.0,1.0,0.5
2024,12,BAL,LAC,2.0,2.0,0.0,0.0,1.0,2.0,2.0,0.0,0.0,1.0
2024,12,CAR,KC,5.0,2.0,0.0,3.0,0.4,5.0,2.0,0.0,3.0,0.4
2024,12,CHI,MIN,3.0,3.0,0.0,0.0,1.0,7.0,3.0,0.0,4.0,0.4286
2024,12,CLE,PIT,4.0,3.0,0.0,1.0,0.75,2.0,1.0,0.0,1.0,0.5
2024,12,DAL,WAS,3.0,2.0,0.0,1.0,0.6667,2.0,2.0,0.0,0.0,1.0
2024,12,DEN,LV,4.0,2.0,0.0,2.0,0.5,5.0,1.0,0.0,4.0,0.2
2024,12,DET,IND,4.0,3.0,0.0,1.0,0.75,2.0,0.0,0.0,2.0,0.0
2024,12,GB,SF,5.0,5.0,0.0,0.0,1.0,1.0,1.0,0.0,0.0,1.0
2024,12,HOU,TEN,4.0,2.0,0.0,2.0,0.5,2.0,1.0,0.0,1.0,0.5
2024,12,IND,DET,2.0,0.0,0.0,2.0,0.0,4.0,3.0,0.0,1.0,0.75
2024,12,KC,CAR,5.0,2.0,0.0,3.0,0.4,5.0,2.0,0.0,3.0,0.4
2024,12,LA,PHI,4.0,2.0,0.0,2.0,0.5,5.0,2.0,0.0,3.0,0.4
2024,12,LAC,BAL,2.0,2.0,0.0,0.0,1.0,2.0,2.0,0.0,0.0,1.0
2024,12,LV,DEN,5.0,1.0,0.0,4.0,0.2,4.0,2.0,0.0,2.0,0.5
2024,12,MIA,NE,4.0,3.0,0.0,1.0,0.75,1.0,0.0,0.0,1.0,0.0
2024,12,MIN,CHI,7.0,3.0,0.0,4.0,0.4286,3.0,3.0,0.0,0.0,1.0
2024,12,NE,MIA,1.0,0.0,0.0,1.0,0.0,4.0,3.0,0.0,1.0,0.75
2024,12,NYG,TB,3.0,1.0,0.0,2.0,0.3333,5.0,4.0,0.0,1.0,0.8
2024,12,PHI,LA,5.0,2.0,0.0,3.0,0.4,4.0,2.0,0.0,2.0,0.5
2024,12,PIT,CLE,2.0,1.0,0.0,1.0,0.5,4.0,3.0,0.0,1.0,0.75
2024,12,SEA,ARI,2.0,1.0,0.0,1.0,0.5,2.0,0.0,0.0,2.0,0.0
2024,12,SF,GB,1.0,1.0,0.0,0.0,1.0,5.0,5.0,0.0,0.0,1.0
2024,12,TB,NYG,5.0,4.0,0.0,1.0,0.8,3.0,1.0,0.0,2.0,0.3333
2024,12,TEN,HOU,2.0,1.0,0.0,1.0,0.5,4.0,2.0,0.0,2.0,0.5
2024,12,WAS,DAL,2.0,2.0,0.0,0.0,1.0,3.0,2.0,0.0,1.0,0.6667
2024,13,ARI,MIN,6.0,1.0,0.0,5.0,0.1667,4.0,2.0,0.0,2.0,0.5
2024,13,ATL,LAC,4.0,2.0,0.0,2.0,0.5,2.0,0.0,0.0,2.0,0.0
2024,13,BAL,PHI,5.0,2.0,0.0,3.0,0.4,3.0,2.0,0.0,1.0,0.6667
2024,13,BUF,SF,4.0,4.0,0.0,0.0,1.0,3.0,1.0,0.0,2.0,0.3333
2024,13,CAR,TB,4.0,1.0,0.0,3.0,0.25,5.0,2.0,0.0,3.0,0.4
2024,13,CHI,DET,1.0,1.0,0.0,0.0,1.0,5.0,2.0,0.0,3.0,0.4
2024,13,CIN,PIT,5.0,4.0,0.0,1.0,0.8,4.0,2.0,0.0,2.0,0.5
2024,13,CLE,DEN,4.0,4.0,0.0,0.0,1.0,4.0,2.0,0.0,2.0,0.5
2024,13,DAL,NYG,4.0,2.0,0.0,2.0,0.5,2.0,2.0,0.0,0.0,1.0
2024,13,DEN,CLE,4.0,2.0,0.0,2.0,0.5,4.0,4.0,0.0,0.0,1.0
2024,13,DET,CHI,5.0,2.0,0.0,3.0,0.4,1.0,1.0,0.0,0.0,1.0
2024,13,GB,MIA,5.0,3.0,0.0,2.0,0.6,4.0,2.0,0.0,2.0,0.5
2024,13,HOU,JAX,3.0,1.0,0.0,2.0,0.3333,4.0,2.0,0.0,2.0,0.5
2024,13,IND,NE,4.0,3.0,0.0,1.0,0.75,6.0,2.0,0.0,4.0,0.3333
2024,13,JAX,HOU,4.0,2.0,0.0,2.0,0.5,3.0,1.0,0.0,2.0,0.3333
2024,13,KC,LV,5.0,1.0,0.0,4.0,0.2,1.0,0.0,0.0,1.0,0.0
2024,13,LA,NO,3.0,3.0,0.0,0.0,1.0,2.0,0.0,0.0,2.0,0.0
2024,13,LAC,ATL,2.0,0.0,0.0,2.0,0.0,4.0,2.0,0.0,2.0,0.5
2024,13,LV,KC,1.0,0.0,0.0,1.0,0.0,5.0,1.0,0.0,4.0,0.2
2024,13,MIA,GB,4.0,2.0,0.0,2.0,0.5,5.0,3.0,0.0,2.0,0.6
2024,13,MIN,ARI,4.0,2.0,0.0,2.0,0.5,6.0,1.0,0.0,5.0,0.1667
2024,13,NE,IND,6.0,2.0,0.0,4.0,0.3333,4.0,3.0,0.0,1.0,0.75
2024,13,NO,LA,2.0,0.0,0.0,2.0,0.0,3.0,3.0,0.0,0.0,1.0
2024,13,NYG,DAL,2.0,2.0,0.0,0.0,1.0,4.0,2.0,0.0,2.0,0.5
2024,13,NYJ,SEA,2.0,2.0,0.0,0.0,1.0,4.0,2.0,0.0,2.0,0.5
2024,13,PHI,BAL,3.0,2.0,0.0,1.0,0.6667,5.0,2.0,0.0,3.0,0.4
2024,13,PIT,CIN,4.0,2.0,0.0,2.0,0.5,5.0,4.0,0.0,1.0,0.8
2024,13,SEA,NYJ,4.0,2.0,0.0,2.0,0.5,2.0,2.0,0.0,0.0,1.0
2024,13,SF,BUF,3.0,1.0,0.0,2.0,0.3333,4.0,4.0,0.0,0.0,1.0
2024,13,TB,CAR,5.0,2.0,0.0,3.0,0.4,4.0,1.0,0.0,3.0,0.25
2024,13,TEN,WAS,2.0,1.0,0.0,1.0,0.5,6.0,4.0,0.0,2.0,0.6667
2024,13,WAS,TEN,6.0,4.0,0.0,2.0,0.6667,2.0,1.0,0.0,1.0,0.5
2024,14,ARI,SEA,3.0,1.0,0.0,2.0,0.3333,5.0,2.0,0.0,3.0,0.4
2024,14,ATL,MIN,5.0,2.0,0.0,3.0,0.4,3.0,3.0,0.0,0.0,1.0
2024,14,BUF,LA,3.0,3.0,0.0,0.0,1.0,6.0,5.0,0.0,1.0,0.8333
2024,14,CAR,PHI,3.0,2.0,0.0,1.0,0.6667,3.0,3.0,0.0,0.0,1.0
2024,14,CHI,SF,2.0,2.0,0.0,0.0,1.0,6.0,5.0,0.0,1.0,0.8333
2024,14,CIN,DAL,4.0,2.0,0.0,2.0,0.5,4.0,2.0,0.0,2.0,0.5
2024,14,CLE,PIT,4.0,1.0,0.0,3.0,0.25,5.0,3.0,0.0,2.0,0.6
2024,14,DAL,CIN,4.0,2.0,0.0,2.0,0.5,4.0,2.0,0.0,2.0,0.5
2024,14,DET,GB,5.0,4.0,0.0,1.0,0.8,5.0,4.0,0.0,1.0,0.8
2024,14,GB,DET,5.0,4.0,0.0,1.0,0.8,5.0,4.0,0.0,1.0,0.8
2024,14,JAX,TEN,2.0,1.0,0.0,1.0,0.5,2.0,0.0,0.0,2.0,0.0
2024,14,KC,LAC,4.0,1.0,0.0,3.0,0.25,3.0,2.0,0.0,1.0,0.6667
2024,14,LA,BUF,6.0,5.0,0.0,1.0,0.8333,3.0,3.0,0.0,0.0,1.0
2024,14,LAC,KC,3.0,2.0,0.0,1.0,0.6667,4.0,1.0,0.0,3.0,0.25
2024,14,LV,TB,4.0,1.0,0.0,3.0,0.25,4.0,3.0,0.0,1.0,0.75
2024,14,MIA,NYJ,4.0,3.0,0.0,1.0,0.75,5.0,2.0,0.0,3.0,0.4
2024,14,MIN,ATL,3.0,3.0,0.0,0.0,1.0,5.0,2.0,0.0,3.0,0.4
2024,14,NO,NYG,2.0,2.0,0.0,0.0,1.0,3.0,1.0,0.0,2.0,0.3333
2024,14,NYG,NO,3.0,1.0,0.0,2.0,0.3333,2.0,2.0,0.0,0.0,1.0
2024,14,NYJ,MIA,5.0,2.0,0.0,3.0,0.4,4.0,3.0,0.0,1.0,0.75
2024,14,PHI,CAR,3.0,3.0,0.0,0.0,1.0,3.0,2.0,0.0,1.0,0.6667
2024,14,PIT,CLE,5.0,3.0,0.0,2.0,0.6,4.0,1.0,0.0,3.0,0.25
2024,14,SEA,ARI,5.0,2.0,0.0,3.0,0.4,3.0,1.0,0.0,2.0,0.3333
2024,14,SF,CHI,6.0,5.0,0.0,1.0,0.8333,2.0,2.0,0.0,0.0,1.0
2024,14,TB,LV,4.0,3.0,0.0,1.0,0.75,4.0,1.0,0.0,3.0,0.25
2024,14,TEN,JAX,2.0,0.0,0.0,2.0,0.0,2.0,1.0,0.0,1.0,0.5
2024,15,ARI,NE,4.0,3.0,0.0,1.0,0.75,3.0,2.0,0.0,1.0,0.6667
2024,15,ATL,LV,0.0,0.0,0.0,0.0,0.0,1.0,1.0,0.0,0.0,1.0
2024,15,BAL,NYG,3.0,2.0,0.0,1.0,0.6667,2.0,1.0,0.0,1.0,0.5
2024,15,BUF,DET,7.0,5.0,0.0,2.0,0.7143,5.0,5.0,0.0,0.0,1.0
2024,15,CAR,DAL,2.0,1.0,0.0,1.0,0.5,5.0,3.0,0.0,2.0,0.6
2024,15,CHI,MIN,3.0,1.0,0.0,2.0,0.3333,4.0,3.0,0.0,1.0,0.75
2024,15,CIN,TEN,5.0,3.0,0.0,2.0,0.6,4.0,4.0,0.0,0.0,1.0
2024,15,CLE,KC,0.0,0.0,0.0,0.0,0.0,4.0,2.0,0.0,2.0,0.5
2024,15,DAL,CAR,5.0,3.0,0.0,2.0,0.6,2.0,1.0,0.0,1.0,0.5
2024,15,DEN,IND,3.0,3.0,0.0,0.0,1.0,2.0,0.0,0.0,2.0,0.0
2024,15,DET,BUF,5.0,5.0,0.0,0.0,1.0,7.0,5.0,0.0,2.0,0.7143
2024,15,GB,SEA,5.0,2.0,0.0,3.0,0.4,1.0,0.0,0.0,1.0,0.0
2024,15,HOU,MIA,2.0,2.0,0.0,0.0,1.0,3.0,1.0,0.0,2.0,0.3333
2024,15,IND,DEN,2.0,0.0,0.0,2.0,0.0,3.0,3.0,0.0,0.0,1.0
2024,15,JAX,NYJ,4.0,2.0,0.0,2.0,0.5,3.0,2.0,0.0,1.0,0.6667
2024,15,KC,CLE,4.0,2.0,0.0,2.0,0.5,0.0,0.0,0.0,0.0,0.0
2024,15,LA,SF,3.0,0.0,0.0,3.0,0.0,0.0,0.0,0.0,0.0,0.0
2024,15,LAC,TB,3.0,2.0,0.0,1.0,0.6667,4.0,1.0,0.0,3.0,0.25
2024,15,LV,ATL,1.0,1.0,0.0,0.0,1.0,0.0,0.0,0.0,0.0,0.0
2024,15,MIA,HOU,3.0,1.0,0.0,2.0,0.3333,2.0,2.0,0.0,0.0,1.0
2024,15,MIN,CHI,4.0,3.0,0.0,1.0,0.75,3.0,1.0,0.0,2.0,0.3333
2024,15,NE,ARI,3.0,2.0,0.0,1.0,0.6667,4.0,3.0,0.0,1.0,0.75
2024,15,NO,WAS,2.0,1.0,0.0,1.0,0.5,3.0,2.0,0.0,1.0,0.6667
2024,15,NYG,BAL,2.0,1.0,0.0,1.0,0.5,3.0,2.0,0.0,1.0,0.6667
2024,15,NYJ,JAX,3.0,2.0,0.0,1.0,0.6667,4.0,2.0,0.0,2.0,0.5
2024,15,PHI,PIT,6.0,3.0,0.0,3.0,0.5,2.0,1.0,0.0,1.0,0.5
2024,15,PIT,PHI,2.0,1.0,0.0,1.0,0.5,6.0,3.0,0.0,3.0,0.5
2024,15,SEA,GB,1.0,0.0,0.0,1.0,0.0,5.0,2.0,0.0,3.0,0.4
2024,15,SF,LA,0.0,0.0,0.0,0.0,0.0,3.0,0.0,0.0,3.0,0.0
2024,15,TB,LAC,4.0,1.0,0.0,3.0,0.25,3.0,2.0,0.0,1.0,0.6667
2024,15,TEN,CIN,4.0,4.0,0.0,0.0,1.0,5.0,3.0,0.0,2.0,0.6
2024,15,WAS,NO,3.0,2.0,0.0,1.0,0.6667,2.0,1.0,0.0,1.0,0.5
2024,16,ARI,CAR,4.0,3.0,0.0,1.0,0.75,4.0,3.0,0.0,1.0,0.75
2024,16,ATL,NYG,4.0,2.0,0.0,2.0,0.5,2.0,1.0,0.0,1.0,0.5
2024,16,BAL,PIT,5.0,3.0,0.0,2.0,0.6,2.0,2.0,0.0,0.0,1.0
2024,16,BUF,NE,1.0,1.0,0.0,0.0,1.0,3.0,2.0,0.0,1.0,0.6667
2024,16,CAR,ARI,4.0,3.0,0.0,1.0,0.75,4.0,3.0,0.0,1.0,0.75
2024,16,CHI,DET,3.0,1.0,0.0,2.0,0.3333,5.0,2.0,0.0,3.0,0.4
2024,16,CIN,CLE,3.0,2.0,0.0,1.0,0.6667,3.0,1.0,0.0,2.0,0.3333
2024,16,CLE,CIN,3.0,1.0,0.0,2.0,0.3333,3.0,2.0,0.0,1.0,0.6667
2024,16,DAL,TB,2.0,2.0,0.0,0.0,1.0,3.0,3.0,0.0,0.0,1.0
2024,16,DEN,LAC,3.0,3.0,0.0,0.0,1.0,4.0,3.0,0.0,1.0,0.75
2024,16,DET,CHI,5.0,2.0,0.0,3.0,0.4,3.0,1.0,0.0,2.0,0.3333
2024,16,GB,NO,4.0,4.0,0.0,0.0,1.0,0.0,0.0,0.0,0.0,0.0
2024,16,HOU,KC,3.0,1.0,0.0,2.0,0.3333,5.0,3.0,0.0,2.0,0.6
2024,16,IND,TEN,3.0,2.0,0.0,1.0,0.6667,3.0,3.0,0.0,0.0,1.0
2024,16,JAX,LV,1.0,1.0,0.0,0.0,1.0,3.0,2.0,0.0,1.0,0.6667
2024,16,KC,HOU,5.0,3.0,0.0,2.0,0.6,3.0,1.0,0.0,2.0,0.3333
2024,16,LA,NYJ,5.0,2.0,0.0,3.0,0.4,2.0,1.0,0.0,1.0,0.5
2024,16,LAC,DEN,4.0,3.0,0.0,1.0,0.75,3.0,3.0,0.0,0.0,1.0
2024,16,LV,JAX,3.0,2.0,0.0,1.0,0.6667,1.0,1.0,0.0,0.0,1.0
2024,16,MIA,SF,3.0,1.0,0.0,2.0,0.3333,5.0,2.0,0.0,3.0,0.4
2024,16,MIN,SEA,2.0,2.0,0.0,0.0,1.0,2.0,2.0,0.0,0.0,1.0
2024,16,NE,BUF,3.0,2.0,0.0,1.0,0.6667,1.0,1.0,0.0,0.0,1.0
2024,16,NO,GB,0.0,0.0,0.0,0.0,0.0,4.0,4.0,0.0,0.0,1.0
2024,16,NYG,ATL,2.0,1.0,0.0,1.0,0.5,4.0,2.0,0.0,2.0,0.5
2024,16,NYJ,LA,2.0,1.0,0.0,1.0,0.5,5.0,2.0,0.0,3.0,0.4
2024,16,PHI,WAS,4.0,2.0,0.0,2.0,0.5,4.0,3.0,0.0,1.0,0.75
2024,16,PIT,BAL,2.0,2.0,0.0,0.0,1.0,5.0,3.0,0.0,2.0,0.6
2024,16,SEA,MIN,2.0,2.0,0.0,0.0,1.0,2.0,2.0,0.0,0.0,1.0
2024,16,SF,MIA,5.0,2.0,0.0,3.0,0.4,3.0,1.0,0.0,2.0,0.3333
2024,16,TB,DAL,3.0,3.0,0.0,0.0,1.0,2.0,2.0,0.0,0.0,1.0
2024,16,TEN,IND,3.0,3.0,0.0,0.0,1.0,3.0,2.0,0.0,1.0,0.6667
2024,16,WAS,PHI,4.0,3.0,0.0,1.0,0.75,4.0,2.0,0.0,2.0,0.5
2024,17,ARI,LA,4.0,1.0,0.0,3.0,0.25,2.0,1.0,0.0,1.0,0.5
2024,17,ATL,WAS,3.0,3.0,0.0,0.0,1.0,6.0,4.0,0.0,2.0,0.6667
2024,17,BAL,HOU,3.0,3.0,0.0,0.0,1.0,2.0,0.0,0.0,2.0,0.0
2024,17,BUF,NYJ,3.0,3.0,0.0,0.0,1.0,3.0,2.0,0.0,1.0,0.6667
2024,17,CAR,TB,1.0,1.0,0.0,0.0,1.0,8.0,5.0,0.0,3.0,0.625
2024,17,CHI,SEA,1.0,0.0,0.0,1.0,0.0,1.0,0.0,0.0,1.0,0.0
2024,17,CIN,DEN,7.0,4.0,0.0,3.0,0.5714,2.0,1.0,0.0,1.0,0.5
2024,17,CLE,MIA,3.0,0.0,0.0,3.0,0.0,2.0,2.0,0.0,0.0,1.0
2024,17,DAL,PHI,2.0,1.0,0.0,1.0,0.5,4.0,3.0,0.0,1.0,0.75
2024,17,DEN,CIN,2.0,1.0,0.0,1.0,0.5,7.0,4.0,0.0,3.0,0.5714
2024,17,DET,SF,4.0,3.0,0.0,1.0,0.75,5.0,5.0,0.0,0.0,1.0
2024,17,GB,MIN,4.0,3.0,0.0,1.0,0.75,4.0,2.0,0.0,2.0,0.5
2024,17,HOU,BAL,2.0,0.0,0.0,2.0,0.0,3.0,3.0,0.0,0.0,1.0
2024,17,IND,NYG,5.0,3.0,0.0,2.0,0.6,3.0,2.0,0.0,1.0,0.6667
2024,17,JAX,TEN,2.0,2.0,0.0,0.0,1.0,2.0,1.0,0.0,1.0,0.5
2024,17,KC,PIT,5.0,4.0,0.0,1.0,0.8,4.0,1.0,0.0,3.0,0.25
2024,17,LA,ARI,2.0,1.0,0.0,1.0,0.5,4.0,1.0,0.0,3.0,0.25
2024,17,LAC,NE,5.0,2.0,0.0,3.0,0.4,0.0,0.0,0.0,0.0,0.0
2024,17,LV,NO,4.0,2.0,0.0,2.0,0.5,2.0,0.0,0.0,2.0,0.0
2024,17,MIA,CLE,2.0,2.0,0.0,0.0,1.0,3.0,0.0,0.0,3.0,0.0
2024,17,MIN,GB,4.0,2.0,0.0,2.0,0.5,4.0,3.0,0.0,1.0,0.75
2024,17,NE,LAC,0.0,0.0,0.0,0.0,0.0,5.0,2.0,0.0,3.0,0.4
2024,17,NO,LV,2.0,0.0,0.0,2.0,0.0,4.0,2.0,0.0,2.0,0.5
2024,17,NYG,IND,3.0,2.0,0.0,1.0,0.6667,5.0,3.0,0.0,2.0,0.6
2024,17,NYJ,BUF,3.0,2.0,0.0,1.0,0.6667,3.0,3.0,0.0,0.0,1.0
2024,17,PHI,DAL,4.0,3.0,0.0,1.0,0.75,2.0,1.0,0.0,1.0,0.5
2024,17,PIT,KC,4.0,1.0,0.0,3.0,0.25,5.0,4.0,0.0,1.0,0.8
2024,17,SEA,CHI,1.0,0.0,0.0,1.0,0.0,1.0,0.0,0.0,1.0,0.0
2024,17,SF,DET,5.0,5.0,0.0,0.0,1.0,4.0,3.0,0.0,1.0,0.75
2024,17,TB,CAR,8.0,5.0,0.0,3.0,0.625,1.0,1.0,0.0,0.0,1.0
2024,17,TEN,JAX,2.0,1.0,0.0,1.0,0.5,2.0,2.0,0.0,0.0,1.0
2024,17,WAS,ATL,6.0,4.0,0.0,2.0,0.6667,3.0,3.0,0.0,0.0,1.0
2024,18,ARI,SF,4.0,4.0,0.0,0.0,1.0,3.0,2.0,0.0,1.0,0.6667
2024,18,ATL,CAR,6.0,5.0,0.0,1.0,0.8333,6.0,5.0,0.0,1.0,0.8333
2024,18,BAL,CLE,4.0,3.0,0.0,1.0,0.75,3.0,1.0,0.0,2.0,0.3333
2024,18,BUF,NE,2.0,2.0,0.0,0.0,1.0,3.0,1.0,0.0,2.0,0.3333
2024,18,CAR,ATL,6.0,5.0,0.0,1.0,0.8333,6.0,5.0,0.0,1.0,0.8333
2024,18,CHI,GB,1.0,1.0,0.0,0.0,1.0,3.0,2.0,0.0,1.0,0.6667
2024,18,CIN,PIT,4.0,1.0,0.0,3.0,0.25,2.0,2.0,0.0,0.0,1.0
2024,18,CLE,BAL,3.0,1.0,0.0,2.0,0.3333,4.0,3.0,0.0,1.0,0.75
2024,18,DAL,WAS,6.0,1.0,0.0,5.0,0.1667,3.0,3.0,0.0,0.0,1.0
2024,18,DEN,KC,5.0,4.0,0.0,1.0,0.8,0.0,0.0,0.0,0.0,0.0
2024,18,DET,MIN,3.0,3.0,0.0,0.0,1.0,4.0,0.0,0.0,4.0,0.0
2024,18,GB,CHI,3.0,2.0,0.0,1.0,0.6667,1.0,1.0,0.0,0.0,1.0
2024,18,HOU,TEN,4.0,1.0,0.0,3.0,0.25,2.0,0.0,0.0,2.0,0.0
2024,18,IND,JAX,3.0,1.0,0.0,2.0,0.3333,3.0,2.0,0.0,1.0,0.6667
2024,18,JAX,IND,3.0,2.0,0.0,1.0,0.6667,3.0,1.0,0.0,2.0,0.3333
2024,18,KC,DEN,0.0,0.0,0.0,0.0,0.0,5.0,4.0,0.0,1.0,0.8
2024,18,LA,SEA,5.0,2.0,0.0,3.0,0.4,4.0,4.0,0.0,0.0,1.0
2024,18,LAC,LV,6.0,3.0,0.0,3.0,0.5,2.0,1.0,0.0,1.0,0.5
2024,18,LV,LAC,2.0,1.0,0.0,1.0,0.5,6.0,3.0,0.0,3.0,0.5
2024,18,MIA,NYJ,5.0,2.0,0.0,3.0,0.4,5.0,4.0,0.0,1.0,0.8
2024,18,MIN,DET,4.0,0.0,0.0,4.0,0.0,3.0,3.0,0.0,0.0,1.0
2024,18,NE,BUF,3.0,1.0,0.0,2.0,0.3333,2.0,2.0,0.0,0.0,1.0
2024,18,NO,TB,2.0,1.0,0.0,1.0,0.5,3.0,2.0,0.0,1.0,0.6667
2024,18,NYG,PHI,1.0,0.0,0.0,1.0,0.0,4.0,2.0,0.0,2.0,0.5
2024,18,NYJ,MIA,5.0,4.0,0.0,1.0,0.8,5.0,2.0,0.0,3.0,0.4
2024,18,PHI,NYG,4.0,2.0,0.0,2.0,0.5,1.0,0.0,0.0,1.0,0.0
2024,18,PIT,CIN,2.0,2.0,0.0,0.0,1.0,4.0,1.0,0.0,3.0,0.25
2024,18,SEA,LA,4.0,4.0,0.0,0.0,1.0,5.0,2.0,0.0,3.0,0.4
2024,18,SF,ARI,3.0,2.0,0.0,1.0,0.6667,4.0,4.0,0.0,0.0,1.0
2024,18,TB,NO,3.0,2.0,0.0,1.0,0.6667,2.0,1.0,0.0,1.0,0.5
2024,18,TEN,HOU,2.0,0.0,0.0,2.0,0.0,4.0,1.0,0.0,3.0,0.25
2024,18,WAS,DAL,3.0,3.0,0.0,0.0,1.0,6.0,1.0,0.0,5.0,0.1667
2024,19,BAL,PIT,4.0,3.0,0.0,1.0,0.75,0.0,0.0,0.0,0.0,0.0
2024,19,BUF,DEN,5.0,1.0,0.0,4.0,0.2,1.0,0.0,0.0,1.0,0.0
2024,19,DEN,BUF,1.0,0.0,0.0,1.0,0.0,5.0,1.0,0.0,4.0,0.2
2024,19,GB,PHI,3.0,1.0,0.0,2.0,0.3333,4.0,1.0,0.0,3.0,0.25
2024,19,HOU,LAC,4.0,2.0,0.0,2.0,0.5,1.0,0.0,0.0,1.0,0.0
2024,19,LA,MIN,5.0,2.0,0.0,3.0,0.4,1.0,0.0,0.0,1.0,0.0
2024,19,LAC,HOU,1.0,0.0,0.0,1.0,0.0,4.0,2.0,0.0,2.0,0.5
2024,19,MIN,LA,1.0,0.0,0.0,1.0,0.0,5.0,2.0,0.0,3.0,0.4
2024,19,PHI,GB,4.0,1.0,0.0,3.0,0.25,3.0,1.0,0.0,2.0,0.3333
2024,19,PIT,BAL,0.0,0.0,0.0,0.0,0.0,4.0,3.0,0.0,1.0,0.75
2024,19,TB,WAS,3.0,2.0,0.0,1.0,0.6667,6.0,2.0,0.0,4.0,0.3333
2024,19,WAS,TB,6.0,2.0,0.0,4.0,0.3333,3.0,2.0,0.0,1.0,0.6667
2024,20,BAL,BUF,3.0,2.0,0.0,1.0,0.6667,4.0,3.0,0.0,1.0,0.75
2024,20,BUF,BAL,4.0,3.0,0.0,1.0,0.75,3.0,2.0,0.0,1.0,0.6667
2024,20,DET,WAS,6.0,3.0,0.0,3.0,0.5,4.0,4.0,0.0,0.0,1.0
2024,20,HOU,KC,4.0,1.0,0.0,3.0,0.25,5.0,2.0,0.0,3.0,0.4
2024,20,KC,HOU,5.0,2.0,0.0,3.0,0.4,4.0,1.0,0.0,3.0,0.25
2024,20,LA,PHI,5.0,2.0,0.0,3.0,0.4,2.0,0.0,0.0,2.0,0.0
2024,20,PHI,LA,2.0,0.0,0.0,2.0,0.0,5.0,2.0,0.0,3.0,0.4
2024,20,WAS,DET,4.0,4.0,0.0,0.0,1.0,6.0,3.0,0.0,3.0,0.5
2024,21,BUF,KC,3.0,3.0,0.0,0.0,1.0,6.0,4.0,0.0,2.0,0.6667
2024,21,KC,BUF,6.0,4.0,0.0,2.0,0.6667,3.0,3.0,0.0,0.0,1.0
2024,21,PHI,WAS,6.0,6.0,0.0,0.0,1.0,2.0,1.0,0.0,1.0,0.5
2024,21,WAS,PHI,2.0,1.0,0.0,1.0,0.5,6.0,6.0,0.0,0.0,1.0
2024,22,KC,PHI,1.0,1.0,0.0,0.0,1.0,3.0,2.0,0.0,1.0,0.6667
2024,22,PHI,KC,3.0,2.0,0.0,1.0,0.6667,1.0,1.0,0.0,0.0,1.0
