season,team,rank_net_epa,net_epa,off_epa_per_play,def_epa_per_play_allowed,net_third_down_sr,third_down_sr_off,third_down_sr_allowed,net_fourth_down_sr,fourth_down_sr_off,fourth_down_sr_allowed,net_early_down_epa,early_down_epa_off,early_down_epa_allowed,net_late_down_epa,late_down_epa_off,late_down_epa_allowed,net_explosive_rate,explosive_rate_off,explosive_rate_allowed,net_red_zone_epa,red_zone_epa_off,red_zone_epa_allowed,pass_rush_delta_off,pass_epa_per_play_off,rush_epa_per_play_off,turnover_epa_net,turnover_epa_off,turnover_epa_forced,field_pos_advantage,avg_start_yardline_100_off,avg_start_yardline_100_faced,plays_off,plays_def,total_yards_off,yards_allowed,off_median_epa,success_rate_off,explosive_plays_off,def_median_epa_allowed,success_rate_allowed,explosive_plays_allowed,pass_epa_per_play_allowed,rush_epa_per_play_allowed,clutch_index_0_100_x,epa_o_season,epa_o_plays,epa_o_avg_epa,epa_o_median_epa,epa_o_success_rate,epa_o_explosive_plays,epa_o_explosive_rate,epa_o_total_yards,epa_o_early_down_epa,epa_o_late_down_epa,epa_o_third_down_sr,epa_o_fourth_down_sr,epa_o_red_zone_epa,epa_o_pass_epa_per_play,epa_o_rush_epa_per_play,epa_o_turnover_epa,epa_o_avg_start_yardline_100,epa_d_season,epa_d_plays_allowed,epa_d_avg_epa_allowed,epa_d_median_epa_allowed,epa_d_success_rate_allowed,epa_d_explosive_allowed,epa_d_explosive_rate_allowed,epa_d_yards_allowed,epa_d_early_down_epa_allowed,epa_d_late_down_epa_allowed,epa_d_third_down_sr_allowed,epa_d_fourth_down_sr_allowed,epa_d_red_zone_epa_allowed,epa_d_pass_epa_per_play_allowed,epa_d_rush_epa_per_play_allowed,epa_d_turnover_epa_forced,epa_d_avg_start_yardline_100_faced,drive_season,drive_drives,drive_score_rate,drive_td_rate,drive_fg_rate,drive_turnover_rate,drive_punt_rate,drive_ppd_basic,drive_ppd_points,drive_yds_per_drive,drive_plays_per_drive,drive_redzone_drive_rate,drive_start_yardline_100_avg,drive_start_own_yardline_avg,drive_hidden_yards_per_drive,drive_side,td_season,td_off_3d_att,td_off_3d_conv,td_off_3d_epa_per_play,td_off_3d_sr,td_off_3d_rate,td_off_3d_pass_rate,td_off_3d_avg_togo,td_def_3d_att_faced,td_def_3d_allowed_conv,td_def_3d_epa_allowed_per_play,td_def_3d_sr_allowed,td_def_3d_allowed_rate,td_def_3d_pass_rate_faced,td_def_3d_avg_togo_faced,rz_season,rz_trips,rz_td,rz_fg,rz_empty,rz_efficiency,rz_trips_allowed,rz_td_allowed,rz_fg_allowed,rz_empty_allowed,rz_efficiency_allowed,expl_season,expl_def_plays,expl_rush_allowed,expl_pass_allowed,expl_total_allowed,expl_rate_allowed,expl_chunk20_allowed,expl_chunk20_rate,pen_games,pen_plays,pen_penalties,pen_penalties_pg,pen_penalty_yds,pen_penalty_yds_pg,pen_per_100_plays,pen_per_100_plays_w,pen_presnap_pen_rate,pen_presnap_pen_rate_w,pen_rz_pen_rate,pen_rz_pen_rate_w,pen_third_fourth_pen,pen_third_fourth_pen_pg,pen_auto_fd_allowed,pen_def_auto_fd_allowed_pg,pen_dpi_yds,pen_def_dpi_yds_pg,pen_side,st_plays,st_epa,st_epa_per_play,st_ko_tb_rate,st_ko_opp_start_yd100,st_punt_opp_start_yd100,st_ret_epa,st_ret_epa_against,st_ret_epa_diff,st_fg_pct,st_fg_epa_per_att,st_xp_pct,st_xp_epa_per_att,st_pen_rate,st_score,st_punt_net,h2_epa_h1,h2_epa_h2,h2_sr_h1,h2_sr_h2,h2_adj_epa,h2_adj_sr,h2_side,to_season,to_pot_points,to_takeaways,to_games,to_pot_per_takeaway,to_pot_per_game,clutch_season,clutch_off_success_rate,clutch_off_3rd4th_conv,clutch_off_rz_td_pct,clutch_ppd,clutch_index_raw,clutch_index_0_100_y,power_season,power_rank_net_epa,power_net_epa,power_off_epa_per_play,power_def_epa_per_play_allowed,power_clutch_index_0_100,power_plus_season,power_plus_net_epa,power_plus_clutch_index_0_100,power_plus_power_score_plus,power_plus_rank_power_plus,signal_season,signal_avg_epa,signal_avg_epa_allowed,signal_power_signal
2024,DET,1,0.1740189222389562,0.1332452073933982,-0.040773714845558,0.1087203474774474,0.4794520547945205,0.3707317073170731,0.2261904761904762,0.5595238095238095,0.3333333333333333,0.0863115109963648,0.0763268968680372,-0.0099846141283276,0.5384247975290701,0.2853427831372938,-0.2530820143917763,0.0228287864873519,0.0924068767908309,0.0695780903034789,0.3373228214722116,0.1101633022615635,-0.2271595192106481,0.249284319933208,0.2686635795450244,0.0193792596118164,53.92390994899999,-80.91075506,-134.834665009,4.681063289327746,43.83809523809524,48.51915852742299,1396.0,1351.0,6964.0,5822.0,0.051171567,0.5200573065902578,129.0,-0.089819044,0.4544781643227239,94.0,-0.0158788267153537,-0.1099136915532544,63.28973290057581,2024,1396.0,0.1332452073933982,0.051171567,0.5200573065902578,129.0,0.0924068767908309,6964.0,0.0763268968680372,0.2853427831372938,0.4794520547945205,0.5595238095238095,0.1101633022615635,0.2686635795450244,0.0193792596118164,-80.91075506,43.83809523809524,2024,1351.0,-0.040773714845558,-0.089819044,0.4544781643227239,94.0,0.0695780903034789,5822.0,-0.0099846141283276,-0.2530820143917763,0.3707317073170731,0.3333333333333333,-0.2271595192106481,-0.0158788267153537,-0.1099136915532544,-134.834665009,48.51915852742299,2024.0,240.0,0.37,0.25,0.12,0.10500000000000001,0.225,2.105,2.105,29.869999999999997,6.425,0.41000000000000003,63.825,36.175,4.45,def,2024.0,228.0,106.0,0.2042431185017462,0.4638064912574717,0.4649122807017544,0.6879018131469112,6.190426961382844,221.0,75.0,-0.150465697928765,0.339400337317004,0.3393665158371041,0.772574724658058,7.592907632490967,2024.0,79.0,54.0,0.0,25.0,0.6835,60.0,32.0,0.0,28.0,0.5333,2024.0,1080.0,52.0,111.0,163.0,0.1509259259259259,77.0,0.0712962962962963,17.0,1405.5,110.0,6.470588235294118,1433.5,84.3235294117647,7.857516985408598,7.855547960811119,0.02488079504413395,0.024625199362041453,0.0136049527341089,0.01426217057796,33.5,1.9705882352941178,34.5,2.0294117647058822,145.0,8.529411764705882,def,222.0,46.43406700699569,0.209162463995476,0.7777777777777778,70.59506172839507,67.0,0.0,0.0,0.0,0.0,1.9583124682087556,0.0,0.7150628140205118,0.0405405405405405,57.1165766654572,0.0,0.12047316746841176,0.1008594242091956,0.5464478095258936,0.5426812242502075,-0.019613743259216103,-0.0037665852756860498,def,2024.0,90.0,39.0,16.0,2.3076923076923075,5.625,2024,0.4501278772378516,1.1428571428571428,0.1774193548387097,4.588235294117647,0.6094112957688265,63.28973290057581,2024,1,0.1740189222389562,0.1332452073933982,-0.040773714845558,63.28973290057581,2024,0.1740189222389562,63.28973290057581,1.802498191595843,1,2024,0.1332452073933982,-0.040773714845558,0.1740189222389563
2024,BAL,2,0.1530328793190462,0.148175719018543,-0.0048571603005032,0.1006433823529411,0.5147058823529411,0.4140625,-0.1203383772191111,0.4025974025974026,0.5229357798165137,0.164508020434278,0.140525351528587,-0.023982668905691,0.2328197167083683,0.1983799564185053,-0.034439760289863,0.0400061238395011,0.0957602339181286,0.0557541100786275,0.3382519514399199,0.1999776136743697,-0.1382743377655502,0.2685791752753088,0.323842525207799,0.0552633499324902,22.355178760000012,-61.12636075,-83.48153951000002,-0.0985291376200905,48.00967261904762,47.91114348142753,1368.0,1399.0,7201.0,5515.0,0.025071096,0.5058479532163743,131.0,-0.07736792,0.4438884917798427,78.0,0.0545288403078431,-0.1741492754806179,86.01945713437657,2024,1368.0,0.148175719018543,0.025071096,0.5058479532163743,131.0,0.0957602339181286,7201.0,0.140525351528587,0.1983799564185053,0.5147058823529411,0.4025974025974026,0.1999776136743697,0.323842525207799,0.0552633499324902,-61.12636075,48.00967261904762,2024,1399.0,-0.0048571603005032,-0.07736792,0.4438884917798427,78.0,0.0557541100786275,5515.0,-0.023982668905691,-0.034439760289863,0.4140625,0.5229357798165137,-0.1382743377655502,0.0545288403078431,-0.1741492754806179,-83.48153951000002,47.91114348142753,2024.0,259.0,0.33499999999999996,0.23,0.11,0.07,0.265,1.9250000000000003,1.9250000000000003,27.865000000000002,6.175,0.375,63.480000000000004,36.519999999999996,-0.84,def,2024.0,231.0,114.0,0.3464253844656541,0.490951450510274,0.4935064935064935,0.6648411186336883,7.048601561836856,281.0,111.0,-0.0036578645430636,0.3913855021827158,0.395017793594306,0.7597050610208506,6.738578724337238,2024.0,76.0,55.0,0.0,21.0,0.7237,53.0,28.0,0.0,25.0,0.5283,2024.0,1152.0,28.0,122.0,150.0,0.1302083333333333,68.0,0.0590277777777777,17.0,1415.0,114.5,6.735294117647059,1514.5,89.08823529411765,8.094684282159813,8.08921963539294,0.025838131944519102,0.02614369290526765,0.01248237608585895,0.0126632419817616,37.5,2.2058823529411766,36.5,2.1470588235294117,147.5,8.676470588235293,def,231.0,5.87901507036813,0.0254502816899053,0.5595238095238095,70.48809523809524,64.67272727272727,0.0,0.0,0.0,0.0,-0.0268237040193549,0.0,-0.1852354364110586,0.0432900432900432,48.41382481832615,0.0,0.1576749216365676,0.11997971078872645,0.5451520984373891,0.5634836440336852,-0.03769521084784115,0.0183315455962962,def,2024.0,66.0,33.0,16.0,2.0,4.125,2024,0.4756097560975609,1.4895833333333333,0.1791044776119403,6.0,1.4919449216666818,86.01945713437657,2024,2,0.1530328793190462,0.148175719018543,-0.0048571603005032,86.01945713437657,2024,0.1530328793190462,86.01945713437657,1.6417617620536038,2,2024,0.148175719018543,-0.0048571603005032,0.1530328793190462
2024,PHI,3,0.1467071133281174,0.0924400676099856,-0.0542670457181318,0.0629207308696249,0.4422310756972111,0.3793103448275862,0.0264880952380952,0.53125,0.5047619047619047,0.1530256684608085,0.0647695098970917,-0.0882561585637168,0.2227640365298508,0.152774711696023,-0.0699893248338279,0.0275967526690391,0.0854092526690391,0.0578125,0.1773288866652199,0.0295241809766784,-0.1478047056885416,0.1053769550114237,0.1632344930770265,0.0578575380656028,51.40071935499999,-54.368650571,-105.769369926,2.95536840646011,45.30494905385735,48.26031746031746,1405.0,1280.0,6248.0,4740.0,-0.0195462044999999,0.4619217081850534,120.0,-0.1077560895,0.43671875,74.0,-0.0230531944376524,-0.1927911606738219,26.675632742498188,2024,1405.0,0.0924400676099856,-0.0195462044999999,0.4619217081850534,120.0,0.0854092526690391,6248.0,0.0647695098970917,0.152774711696023,0.4422310756972111,0.53125,0.0295241809766784,0.1632344930770265,0.0578575380656028,-54.368650571,45.30494905385735,2024,1280.0,-0.0542670457181318,-0.1077560895,0.43671875,74.0,0.0578125,4740.0,-0.0882561585637168,-0.0699893248338279,0.3793103448275862,0.5047619047619047,-0.1478047056885416,-0.0230531944376524,-0.1927911606738219,-105.769369926,48.26031746031746,2024.0,295.0,0.305,0.185,0.12,0.10500000000000001,0.265,1.6600000000000001,1.6600000000000001,23.810000000000002,6.015000000000001,0.395,60.325,39.675,10.57,def,2024.0,298.0,124.0,0.0844043864265177,0.4107739715932993,0.4161073825503356,0.6084629383999132,6.907389459280216,293.0,111.0,-0.1690075717440231,0.3758210082789914,0.378839590443686,0.737645139640938,7.113602760451501,2024.0,85.0,50.0,0.0,35.0,0.5882,63.0,29.0,0.0,34.0,0.4603,2024.0,1245.0,51.0,83.0,134.0,0.1076305220883534,59.0,0.0473895582329317,17.0,1376.5,93.5,5.5,1226.5,72.14705882352942,6.748720016936546,6.799007929791303,0.02469075379907995,0.025033428682656,0.01435463669688135,0.01456157647974805,36.0,2.117647058823529,26.5,1.5588235294117647,101.5,5.970588235294118,def,214.0,0.9858095720646238,0.0046065867853487,0.52,70.6,65.52727272727273,0.0,0.0,0.0,0.0,-0.1650291395296284,0.0,-0.1183355590212259,0.02803738317757,46.528453643283584,0.0,0.1365036855950883,0.12556252100326826,0.5392070173164506,0.5174344807036421,-0.010941164591820055,-0.02177253661280855,def,2024.0,138.0,58.0,20.0,2.3793103448275863,6.9,2024,0.4390862944162436,1.1111111111111112,0.0941176470588235,5.647058823529412,-0.8122150398223212,26.675632742498188,2024,3,0.1467071133281174,0.0924400676099856,-0.0542670457181318,26.675632742498188,2024,0.1467071133281174,26.675632742498188,1.43971615973135,3,2024,0.0924400676099856,-0.0542670457181318,0.1467071133281175
2024,BUF,4,0.1406692554424698,0.1406281073631488,-4.114807932102916e-05,-0.0256169212690952,0.4608695652173913,0.4864864864864865,0.0120580981090709,0.4390243902439024,0.4269662921348314,0.1868446848438608,0.1143927766804745,-0.0724519081633863,0.0995770587377649,0.1974396714551282,0.0978626127173633,0.0028114507478306,0.0748702742772424,0.0720588235294117,0.2055286851507614,0.1710531280389247,-0.0344755571118367,0.2702694294642394,0.2990424134977688,0.0287729840335294,129.60916756200004,-37.48106839,-167.09023595200003,1.412505095801059,45.17045454545455,46.582959641255606,1349.0,1360.0,6107.0,5810.0,0.0,0.4885100074128984,101.0,-0.025249017,0.4735294117647058,98.0,0.0943600714098074,-0.1597493293452381,42.39190985947569,2024,1349.0,0.1406281073631488,0.0,0.4885100074128984,101.0,0.0748702742772424,6107.0,0.1143927766804745,0.1974396714551282,0.4608695652173913,0.4390243902439024,0.1710531280389247,0.2990424134977688,0.0287729840335294,-37.48106839,45.17045454545455,2024,1360.0,-4.114807932102916e-05,-0.025249017,0.4735294117647058,98.0,0.0720588235294117,5810.0,-0.0724519081633863,0.0978626127173633,0.4864864864864865,0.4269662921348314,-0.0344755571118367,0.0943600714098074,-0.1597493293452381,-167.09023595200003,46.582959641255606,2024.0,265.5,0.345,0.245,0.1,0.09,0.225,2.025,2.025,26.939999999999998,6.18,0.41500000000000004,60.33,39.67,5.53,def,2024.0,266.0,118.0,0.2289762142664363,0.4412717307202601,0.4436090225563909,0.6712352190293367,6.61958146020646,253.0,115.0,0.1660815548703063,0.4459439090321443,0.4545454545454545,0.7350782101885043,7.479768107709285,2024.0,80.0,55.0,0.0,25.0,0.6875,74.0,43.0,0.0,31.0,0.5811,2024.0,1200.0,79.0,104.0,183.0,0.1525,65.0,0.0541666666666666,17.0,1381.5,119.5,7.029411764705882,1411.5,83.02941176470588,8.607678303261011,8.650165310474552,0.03458117477784675,0.034741397829743254,0.0178939066298491,0.0184573991501312,40.5,2.3823529411764706,34.5,2.0294117647058822,112.5,6.617647058823529,def,227.0,10.94509857715787,0.0482162932914443,0.6582278481012658,71.18987341772151,62.29090909090909,0.0,0.0,0.0,0.0,0.5147323591683148,0.0,0.1527654780414979,0.0352422907488986,51.88584168412303,0.0,0.043677243169931296,0.14169031245473074,0.5061553067224119,0.5263865982145011,0.09801306928479944,0.0202312914920891,def,2024.0,132.0,51.0,19.0,2.588235294117647,6.947368421052632,2024,0.4095744680851064,0.9807692307692308,0.1518987341772152,5.294117647058823,-0.2019945687338186,42.39190985947569,2024,4,0.1406692554424698,0.1406281073631488,-4.114807932102916e-05,42.39190985947569,2024,0.1406692554424698,42.39190985947569,1.4147641256180985,4,2024,0.1406281073631488,-4.114807932102916e-05,0.1406692554424699
2024,GB,5,0.118475236823209,0.0757190040966792,-0.0427562327265298,0.0310957652076775,0.4372093023255814,0.4061135371179039,-0.1337662337662337,0.4090909090909091,0.5428571428571428,0.1123690397920721,0.0639534951579358,-0.0484155446341363,0.1746410509257998,0.065953531210231,-0.1086875197155688,0.0290832914362327,0.0942684766214178,0.0651851851851851,0.02450062175618,0.0506171535134615,0.0261165317572815,0.218253335229776,0.1849390743912186,-0.0333142608385574,46.25811899999999,-84.28041476000001,-130.53853376,2.722076252885202,45.71395705521472,48.43603330809992,1326.0,1350.0,6309.0,5349.0,-0.0092424005,0.4720965309200603,125.0,-0.0279291154999999,0.4718518518518518,88.0,-0.0244486419825701,-0.1414072143663728,44.93664291702376,2024,1326.0,0.0757190040966792,-0.0092424005,0.4720965309200603,125.0,0.0942684766214178,6309.0,0.0639534951579358,0.065953531210231,0.4372093023255814,0.4090909090909091,0.0506171535134615,0.1849390743912186,-0.0333142608385574,-84.28041476000001,45.71395705521472,2024,1350.0,-0.0427562327265298,-0.0279291154999999,0.4718518518518518,88.0,0.0651851851851851,5349.0,-0.0484155446341363,-0.1086875197155688,0.4061135371179039,0.5428571428571428,0.0261165317572815,-0.0244486419825701,-0.1414072143663728,-130.53853376,48.43603330809992,2024.0,251.0,0.31,0.195,0.115,0.11499999999999999,0.26,1.69,1.69,25.485,5.99,0.365,61.595,38.405,-1.72,def,2024.0,230.0,97.0,0.045937450204222,0.4089250255916922,0.4217391304347826,0.7334751668085002,6.673053489720156,238.0,87.0,-0.2806907707871736,0.353284447034447,0.3655462184873949,0.7062402874902874,6.855209142709143,2024.0,74.0,45.0,0.0,29.0,0.6081,55.0,32.0,0.0,23.0,0.5818,2024.0,1078.0,50.0,91.0,141.0,0.1307977736549165,59.0,0.0547309833024118,17.0,1370.5,112.5,6.617647058823529,1387.0,81.58823529411765,8.23397020551364,8.209732790694208,0.036989734066100705,0.03683312143147685,0.0166951863697931,0.0167894952050549,44.5,2.6176470588235294,26.0,1.5294117647058822,135.5,7.970588235294119,def,215.0,21.83081749892264,0.1015386860415006,0.68,70.65333333333334,63.67857142857143,0.0,0.0,0.0,0.0,0.8312118229971048,0.0,0.2822108286278824,0.0511627906976744,53.78273980054256,0.0,0.03929313247562105,0.10424224739417405,0.5106128130567649,0.5038102175625426,0.06494911491855296,-0.00680259549422225,def,2024.0,90.0,42.0,15.0,2.142857142857143,6.0,2024,0.4155495978552279,1.0909090909090908,0.1411764705882353,4.941176470588236,-0.1031894768145625,44.93664291702376,2024,5,0.118475236823209,0.0757190040966792,-0.0427562327265298,44.93664291702376,2024,0.118475236823209,44.93664291702376,1.1949037413601926,5,2024,0.0757190040966792,-0.0427562327265298,0.1184752368232091
2024,DEN,6,0.0939902430098563,0.015634054987537,-0.0783561880223193,0.0092523596621956,0.4221311475409836,0.4128787878787879,-0.0102339181286549,0.4722222222222222,0.4824561403508772,0.1151384696972976,-0.0192710977437193,-0.1344095674410169,0.0774089546847036,0.02870955905,-0.0486993956347036,0.0150895407259157,0.0715867158671586,0.0564971751412429,0.2017866923332881,0.1018058894973093,-0.0999808028359788,0.135168347762371,0.0599633573392941,-0.0752049904230769,82.59180235200002,-66.622128518,-149.21393087,2.0782441715800246,48.67067669172933,50.74892086330935,1355.0,1416.0,5518.0,5397.0,-0.0567293115,0.4560885608856088,97.0,-0.1186540349999999,0.4357344632768362,80.0,-0.0590134761151715,-0.1752881414311688,34.53053109379573,2024,1355.0,0.015634054987537,-0.0567293115,0.4560885608856088,97.0,0.0715867158671586,5518.0,-0.0192710977437193,0.02870955905,0.4221311475409836,0.4722222222222222,0.1018058894973093,0.0599633573392941,-0.0752049904230769,-66.622128518,48.67067669172933,2024,1416.0,-0.0783561880223193,-0.1186540349999999,0.4357344632768362,80.0,0.0564971751412429,5397.0,-0.1344095674410169,-0.0486993956347036,0.4128787878787879,0.4824561403508772,-0.0999808028359788,-0.0590134761151715,-0.1752881414311688,-149.21393087,50.74892086330935,2024.0,263.5,0.28500000000000003,0.16,0.12,0.08499999999999999,0.31,1.49,1.49,22.79,5.800000000000001,0.335,61.945,38.055,2.89,def,2024.0,252.0,93.0,-0.0846434275963321,0.3658311717522244,0.369047619047619,0.7878699302073915,6.928240180155814,277.0,106.0,-0.0519186549222445,0.3817121072323096,0.3826714801444043,0.7279590604858698,7.629580575112724,2024.0,60.0,36.0,0.0,24.0,0.6,55.0,26.0,0.0,29.0,0.4727,2024.0,1148.0,46.0,93.0,139.0,0.1210801393728223,62.0,0.0540069686411149,17.0,1419.0,104.0,6.117647058823529,1273.0,74.88235294117646,7.329104250281924,7.313005021710065,0.02782753486651605,0.027466622545972652,0.01330551916004035,0.01375566973275675,34.0,2.0,30.0,1.7647058823529411,172.5,10.14705882352941,def,232.0,44.588172280737496,0.1921903977617995,0.7733333333333333,69.85333333333334,64.42857142857143,0.0,0.0,0.0,0.0,1.048886108719307,0.0,1.222861715241197,0.0387931034482758,59.15725717986199,0.0,0.01376990702674395,0.0813191582496415,0.5194455831347179,0.5098732353344497,0.06754925122289751,-0.0095723478002683,def,2024.0,42.0,35.0,16.0,1.2,2.625,2024,0.4390243902439024,1.0095238095238095,0.1285714285714285,4.235294117647059,-0.5072306127468268,34.53053109379573,2024,6,0.0939902430098563,0.015634054987537,-0.0783561880223193,34.53053109379573,2024,0.0939902430098563,34.53053109379573,0.9216884377591652,7,2024,0.015634054987537,-0.0783561880223193,0.0939902430098564
2024,MIN,7,0.086498816213944,0.0208516269266493,-0.0656471892872948,0.0405286343612333,0.4405286343612334,0.4,-0.0682261208576998,0.3947368421052631,0.4629629629629629,0.0991624097046378,0.0083919139226872,-0.0907704957819506,0.1116573781977765,0.0027799380363036,-0.108877440161473,0.0159292776939836,0.0764705882352941,0.0605413105413105,-0.1673973352050413,-0.0917808134744588,0.0756165217305825,0.2518423870812484,0.1330907754620177,-0.1187516116192307,39.98732217999998,-103.18362851,-143.17095068999998,1.707558391121026,47.3033033033033,49.01086169442433,1360.0,1404.0,5898.0,5710.0,-0.0165515085,0.4691176470588235,104.0,-0.10548622,0.4522792022792022,85.0,-0.0334265485026666,-0.1999296556866666,21.44220487753344,2024,1360.0,0.0208516269266493,-0.0165515085,0.4691176470588235,104.0,0.0764705882352941,5898.0,0.0083919139226872,0.0027799380363036,0.4405286343612334,0.3947368421052631,-0.0917808134744588,0.1330907754620177,-0.1187516116192307,-103.18362851,47.3033033033033,2024,1404.0,-0.0656471892872948,-0.10548622,0.4522792022792022,85.0,0.0605413105413105,5710.0,-0.0907704957819506,-0.108877440161473,0.4,0.4629629629629629,0.0756165217305825,-0.0334265485026666,-0.1999296556866666,-143.17095068999998,49.01086169442433,2024.0,257.5,0.29500000000000004,0.165,0.12000000000000001,0.13,0.26,1.545,1.545,23.93,5.955,0.32499999999999996,62.795,37.205,1.51,def,2024.0,243.0,99.0,-0.0171266006424795,0.4020526405330327,0.4074074074074074,0.7866574737898268,7.539815621923465,253.0,90.0,-0.0845625230073805,0.3547355422355422,0.3557312252964427,0.7416888666888667,7.847278493111826,2024.0,64.0,33.0,0.0,31.0,0.5156,54.0,31.0,0.0,23.0,0.5741,2024.0,1117.0,41.0,111.0,152.0,0.1360787824529991,60.0,0.0537153088630259,17.0,1418.0,125.0,7.352941176470589,1660.5,97.67647058823529,8.679685428270723,8.814763527696039,0.03951322165673725,0.0401787046598105,0.01149856916354575,0.0123230014106168,42.5,2.5,33.0,1.9411764705882355,232.5,13.676470588235293,def,218.0,13.610859142361832,0.0624351336805588,0.726027397260274,70.27397260273973,62.8421052631579,0.0,0.0,0.0,0.0,0.1936915954831983,0.0,0.4324539195167897,0.0412844036697247,52.92214601320344,0.0,0.0551204620936315,0.0317773033390748,0.5343359147317638,0.5008261450430946,-0.02334315875455665,-0.033509769688669,def,2024.0,60.0,45.0,18.0,1.3333333333333333,3.333333333333333,2024,0.4035532994923858,0.9902912621359224,0.1,2.823529411764706,-1.0154148684710955,21.44220487753344,2024,7,0.086498816213944,0.0208516269266493,-0.0656471892872948,21.44220487753344,2024,0.086498816213944,21.44220487753344,0.8151137711185161,9,2024,0.0208516269266493,-0.0656471892872948,0.0864988162139441
2024,TB,8,0.0804058811719204,0.0928392900937861,0.0124334089218657,0.0932884166882612,0.5294117647058824,0.4361233480176211,-0.0468624618841277,0.4477611940298507,0.4946236559139785,0.0857351702961332,0.0646763564854803,-0.0210588138106529,0.1357819551389165,0.1679421213268852,0.0321601661879687,0.0245360316880542,0.0824964131994261,0.0579603815113719,0.0983165089333457,0.0846978035020661,-0.0136187054312796,0.1966776851168849,0.20858655858955,0.0119088734726651,-15.010659989999994,-102.53331234,-87.52265235,-0.4376538360827382,46.41228070175438,45.974626865671645,1394.0,1363.0,6795.0,5810.0,0.0279937445,0.505738880918221,115.0,0.0,0.4856933235509905,79.0,0.0927449737866666,-0.1451072963466101,100.0,2024,1394.0,0.0928392900937861,0.0279937445,0.505738880918221,115.0,0.0824964131994261,6795.0,0.0646763564854803,0.1679421213268852,0.5294117647058824,0.4477611940298507,0.0846978035020661,0.20858655858955,0.0119088734726651,-102.53331234,46.41228070175438,2024,1363.0,0.0124334089218657,0.0,0.4856933235509905,79.0,0.0579603815113719,5810.0,-0.0210588138106529,0.0321601661879687,0.4361233480176211,0.4946236559139785,-0.0136187054312796,0.0927449737866666,-0.1451072963466101,-87.52265235,45.974626865671645,2024.0,246.0,0.355,0.22,0.14,0.095,0.22999999999999998,1.935,1.935,27.494999999999997,6.22,0.385,61.475,38.525,-3.62,def,2024.0,247.0,124.0,0.2353964191938056,0.4946485749181827,0.5020242914979757,0.7602011595884145,7.153690971338031,242.0,97.0,0.0088992855444117,0.385863963560042,0.4008264462809917,0.7596479954323091,7.739432245314599,2024.0,72.0,47.0,0.0,25.0,0.6528,64.0,33.0,0.0,31.0,0.5156,2024.0,1119.0,38.0,98.0,136.0,0.1215370866845397,67.0,0.0598748882931188,17.0,1416.5,101.0,5.9411764705882355,1241.0,73.0,7.09951220856308,7.127730412254496,0.02396677955987345,0.0243450648979107,0.01008467500239205,0.01059469233675335,30.5,1.7941176470588234,31.0,1.8235294117647056,114.5,6.735294117647058,def,226.0,25.51520788175663,0.1128991499192771,0.625,71.97727272727273,66.38,0.0,0.0,0.0,0.0,0.4686033686077069,0.0,0.6601757467192625,0.0309734513274336,48.66055365163228,0.0,-0.0031672970373953988,0.1330608778088624,0.5123109734262259,0.5468958770949914,0.13622817484625785,0.03458490366876555,def,2024.0,84.0,36.0,15.0,2.333333333333333,5.6,2024,0.5,1.5730337078651686,0.2,6.705882352941177,2.034771533213121,100.0,2024,8,0.0804058811719204,0.0928392900937861,0.0124334089218657,100.0,2024,0.0804058811719204,100.0,0.9354150896267056,6,2024,0.0928392900937861,0.0124334089218657,0.0804058811719203
2024,WAS,9,0.0790636419305942,0.1238124034431632,0.044748761512569,0.0503489531405783,0.4915254237288136,0.4411764705882353,0.1781479013990672,0.620253164556962,0.4421052631578947,0.0363933447968876,0.0436889932217685,0.0072956484248809,0.2192194232407636,0.3098048750485714,0.0905854518078078,-0.0108924594336621,0.0692857142857142,0.0801781737193764,0.1362633840852031,0.1294695112788968,-0.0067938728063063,0.1787664483752142,0.2101677671162319,0.0314013187410177,19.02845425999999,-62.332737114,-81.36119137399999,2.9628380535864807,44.15138282387191,47.11422087745839,1400.0,1347.0,6292.0,5560.0,0.014315677,0.5021428571428571,97.0,-0.06191276,0.4565701559020044,108.0,0.0886921889941747,-0.0186708977615384,74.15971701807754,2024,1400.0,0.1238124034431632,0.014315677,0.5021428571428571,97.0,0.0692857142857142,6292.0,0.0436889932217685,0.3098048750485714,0.4915254237288136,0.620253164556962,0.1294695112788968,0.2101677671162319,0.0314013187410177,-62.332737114,44.15138282387191,2024,1347.0,0.044748761512569,-0.06191276,0.4565701559020044,108.0,0.0801781737193764,5560.0,0.0072956484248809,0.0905854518078078,0.4411764705882353,0.4421052631578947,-0.0067938728063063,0.0886921889941747,-0.0186708977615384,-81.36119137399999,47.11422087745839,2024.0,272.5,0.37,0.235,0.135,0.08499999999999999,0.22,2.05,2.05,27.28,6.335,0.41500000000000004,59.795,40.205,4.01,def,2024.0,284.0,130.0,0.1697418046347859,0.4537460456210456,0.4577464788732394,0.7353235408382467,6.653624280131633,270.0,115.0,0.0357974732651957,0.4337583980347138,0.4259259259259259,0.6785915885799787,6.919062355987665,2024.0,84.0,51.0,0.0,33.0,0.6071,69.0,43.0,0.0,26.0,0.6232,2024.0,1192.0,79.0,107.0,186.0,0.1560402684563758,78.0,0.0654362416107382,,,,,,,,,,,,,,,,,,,,229.0,30.509146934630195,0.1332277158717476,0.5333333333333333,70.11111111111111,66.38,0.0,0.0,0.0,0.0,0.9482272811098206,0.0,0.6399637562121834,0.0655021834061135,52.97861837234879,0.0,0.09550067823184219,-0.008286475515205463,0.5271212732306114,0.4955037953165883,-0.10378715374704775,-0.0316174779140231,def,2024.0,96.0,38.0,17.0,2.526315789473684,5.647058823529412,2024,0.4808612440191387,1.520408163265306,0.1458333333333333,6.352941176470588,1.0314633364357,74.15971701807754,2024,9,0.0790636419305942,0.1238124034431632,0.044748761512569,74.15971701807754,2024,0.0790636419305942,74.15971701807754,0.8618031676546146,8,2024,0.1238124034431632,0.044748761512569,0.0790636419305941
2024,LAC,10,0.0716136535315463,0.0279598672699531,-0.0436537862615932,0.0428797468354429,0.430379746835443,0.3875,-0.0958381061473844,0.422680412371134,0.5185185185185185,0.08092925550569,0.016639892211888,-0.0642893632938021,0.0901442041629069,0.0019965117994012,-0.0881476923635057,0.003619521399777,0.0732824427480916,0.0696629213483146,0.1637846709215269,0.0151774858780487,-0.1486071850434782,0.2141138038055661,0.1308687694048,-0.0832450344007661,64.52458784000001,-40.24921076,-104.7737986,0.9517405138490176,49.01091192517537,49.96265243902439,1310.0,1335.0,5517.0,5514.0,-0.1052041125,0.4404580152671756,96.0,-0.0803003025,0.4561797752808988,93.0,-0.0176485486850789,-0.124049789725974,55.37117764743595,2024,1310.0,0.0279598672699531,-0.1052041125,0.4404580152671756,96.0,0.0732824427480916,5517.0,0.016639892211888,0.0019965117994012,0.430379746835443,0.422680412371134,0.0151774858780487,0.1308687694048,-0.0832450344007661,-40.24921076,49.01091192517537,2024,1335.0,-0.0436537862615932,-0.0803003025,0.4561797752808988,93.0,0.0696629213483146,5514.0,-0.0642893632938021,-0.0881476923635057,0.3875,0.5185185185185185,-0.1486071850434782,-0.0176485486850789,-0.124049789725974,-104.7737986,49.96265243902439,2024.0,250.0,0.29500000000000004,0.155,0.14500000000000002,0.08499999999999999,0.315,1.505,1.505,23.744999999999997,5.895,0.3,63.425000000000004,36.575,1.23,def,2024.0,244.0,98.0,-0.0370218527430813,0.3849337882619616,0.4016393442622951,0.6740064802758301,7.314614527772422,255.0,89.0,-0.1807064433801879,0.3404988121899886,0.3490196078431372,0.7447151931220559,7.244727961762275,2024.0,53.0,28.0,0.0,25.0,0.5283,46.0,21.0,0.0,25.0,0.4565,2024.0,1093.0,60.0,82.0,142.0,0.1299176578225068,65.0,0.0594693504117108,17.0,1362.0,98.5,5.794117647058823,1282.5,75.44117647058823,7.267640078301486,7.229436575982887,0.02676081331797905,0.0260687115082719,0.0119783693178753,0.01284674901236905,30.5,1.7941176470588234,31.5,1.8529411764705883,120.0,7.0588235294117645,def,224.0,22.125915893164677,0.0987764102373423,0.6621621621621622,70.67567567567568,66.80555555555556,0.0,0.0,0.0,0.0,0.2961518978122753,0.0,0.3403010011728519,0.0446428571428571,49.382911610804925,0.0,0.09209077557153696,-0.0494483625806722,0.5162425896549612,0.469160837188902,-0.14153913815220914,-0.047081752466059106,def,2024.0,60.0,37.0,17.0,1.6216216216216215,3.5294117647058822,2024,0.4052478134110787,0.9894736842105264,0.1818181818181818,4.235294117647059,0.3019552436169147,55.37117764743595,2024,10,0.0716136535315463,0.0279598672699531,-0.0436537862615932,55.37117764743595,2024,0.0716136535315463,55.37117764743595,0.742423600264654,10,2024,0.0279598672699531,-0.0436537862615932,0.0716136535315463
2024,KC,11,0.0507671644477455,0.0522078259073667,0.0014406614596212,0.0419560989163655,0.5122950819672131,0.4703389830508475,0.071994884910486,0.5176470588235295,0.4456521739130434,0.006073156070343,-0.0088441441168151,-0.0149173001871581,0.1891850643379642,0.1867255379297325,-0.0024595264082317,-0.0144189148601615,0.0475146198830409,0.0619335347432024,0.1161424651834276,0.0148988662332015,-0.1012435989502262,0.1975599705080166,0.139311698344675,-0.0582482721633416,29.425254712,-61.089355728,-90.51461044,1.2711729448911342,46.71726190476191,47.988434849653046,1368.0,1324.0,5570.0,5453.0,0.0,0.4875730994152046,65.0,-0.052939689,0.4546827794561933,82.0,0.0703078384022955,-0.1145511311355615,46.62744931120214,2024,1368.0,0.0522078259073667,0.0,0.4875730994152046,65.0,0.0475146198830409,5570.0,-0.0088441441168151,0.1867255379297325,0.5122950819672131,0.5176470588235295,0.0148988662332015,0.139311698344675,-0.0582482721633416,-61.089355728,46.71726190476191,2024,1324.0,0.0014406614596212,-0.052939689,0.4546827794561933,82.0,0.0619335347432024,5453.0,-0.0149173001871581,-0.0024595264082317,0.4703389830508475,0.4456521739130434,-0.1012435989502262,0.0703078384022955,-0.1145511311355615,-90.51461044,47.988434849653046,2024.0,264.5,0.31,0.185,0.125,0.08,0.265,1.68,1.68,24.945,6.255,0.385,61.465,38.535,2.26,def,2024.0,277.0,130.0,0.1412923968043886,0.4542177960927961,0.4693140794223827,0.7806539987789988,6.663063186813187,284.0,121.0,0.0045990134339239,0.416637198585728,0.426056338028169,0.7120645286086462,7.127013195138195,2024.0,79.0,42.0,0.0,37.0,0.5316,64.0,34.0,0.0,30.0,0.5312,2024.0,1216.0,52.0,102.0,154.0,0.1266447368421052,74.0,0.0608552631578947,17.0,1380.0,100.5,5.911764705882353,1345.5,79.14705882352942,7.373671042206621,7.29222203254061,0.025462532803090097,0.0251066959068167,0.01231227784205205,0.0126130976612257,33.5,1.9705882352941178,25.0,1.4705882352941178,152.0,8.941176470588234,def,214.0,20.794033104821697,0.0971683789944939,0.5789473684210527,71.55263157894737,65.08064516129032,0.0,0.0,0.0,0.0,0.516779106840356,0.0,0.6519210355498735,0.0607476635514018,49.48277863466557,0.0,0.0025052711437343004,0.016762769671111698,0.5204770967071509,0.5064774525182312,0.01425749852737735,-0.013999644188919752,def,2024.0,96.0,39.0,17.0,2.4615384615384617,5.647058823529412,2024,0.453083109919571,1.0816326530612246,0.1466666666666666,4.235294117647059,-0.037540044274306,46.62744931120214,2024,11,0.0507671644477455,0.0522078259073667,0.0014406614596212,46.62744931120214,2024,0.0507671644477455,46.62744931120214,0.5100776843846706,12,2024,0.0522078259073667,0.0014406614596212,0.0507671644477455
2024,CIN,12,0.0464963064075164,0.0997645164201807,0.0532682100126642,-0.0040524609490126,0.4700854700854701,0.4741379310344827,-0.0679012345679013,0.4320987654320987,0.5,0.0460018653464396,0.0806333924499558,0.0346315271035162,0.0613453579575396,0.1139854521936507,0.052640094236111,-0.009381369078562,0.0588657573582196,0.0682471264367816,-0.059146633305727,0.0997083560972222,0.1588549894029493,0.2677483036071091,0.190251414068961,-0.0774968895381481,10.313408854999992,-92.156095706,-102.469504561,3.6015632686935604,44.336988304093566,47.93855157278713,1393.0,1392.0,6216.0,5925.0,0.0052337577,0.4989231873653984,82.0,0.0,0.4920977011494253,95.0,0.0867300424479768,0.0029019774158878,69.74400256270995,2024,1393.0,0.0997645164201807,0.0052337577,0.4989231873653984,82.0,0.0588657573582196,6216.0,0.0806333924499558,0.1139854521936507,0.4700854700854701,0.4320987654320987,0.0997083560972222,0.190251414068961,-0.0774968895381481,-92.156095706,44.336988304093566,2024,1392.0,0.0532682100126642,0.0,0.4920977011494253,95.0,0.0682471264367816,5925.0,0.0346315271035162,0.052640094236111,0.4741379310344827,0.5,0.1588549894029493,0.0867300424479768,0.0029019774158878,-102.469504561,47.93855157278713,2024.0,251.5,0.315,0.22,0.095,0.10500000000000001,0.22999999999999998,1.83,1.83,24.675,5.8149999999999995,0.38,59.364999999999995,40.635000000000005,4.27,def,2024.0,234.0,107.0,0.0561187789502051,0.4541852322994191,0.4572649572649572,0.7895795093026927,6.291405826007902,231.0,102.0,-0.014392833322934,0.4425552724860683,0.4415584415584415,0.6773597221694108,6.662166706803385,2024.0,61.0,39.0,0.0,22.0,0.6393,52.0,36.0,0.0,16.0,0.6923,2024.0,1072.0,54.0,92.0,146.0,0.1361940298507462,58.0,0.0541044776119402,17.0,1422.0,101.0,5.9411764705882355,1188.5,69.91176470588235,6.95401053796256,7.101739407378981,0.0263650028632434,0.0270559644878411,0.01480408493398235,0.015461398924269551,35.5,2.088235294117647,33.5,1.9705882352941173,220.0,12.941176470588236,def,227.0,22.17713402414925,0.0976966256570451,0.5454545454545454,73.06136363636364,64.52830188679245,0.0,0.0,0.0,0.0,0.9955578807612874,0.0,0.8748793060809371,0.013215859030837,49.40072874818271,0.0,0.020527657408627702,0.015361809182470099,0.4963309098989267,0.514568728449821,-0.00516584822615755,0.018237818550894402,def,2024.0,90.0,36.0,16.0,2.5,5.625,2024,0.4455205811138014,1.4835164835164836,0.1408450704225352,7.0588235294117645,0.8600131046097468,69.74400256270995,2024,12,0.0464963064075164,0.0997645164201807,0.0532682100126642,69.74400256270995,2024,0.0464963064075164,69.74400256270995,0.520271315678741,11,2024,0.0997645164201807,0.0532682100126642,0.0464963064075165
2024,ARI,13,0.0184881419506129,0.0622118679575094,0.0437237260068965,-2.089383840708781e-05,0.4497607655502392,0.4497816593886463,-0.0572760572760573,0.4102564102564102,0.4675324675324675,0.0274493657407566,0.0605809403529943,0.0331315746122377,-0.0243302803767449,-0.014728748420209,0.0096015319565359,0.0051541565520817,0.0811419984973704,0.0759878419452887,0.1486322251439323,0.066441398810599,-0.0821908263333333,0.1452303809558074,0.1256197700838167,-0.0196106108719907,2.6304013099999963,-79.32834396,-81.95874527,-1.4197900318637906,48.10506134969325,46.68527131782946,1331.0,1316.0,6096.0,5825.0,0.0,0.4943651389932381,108.0,0.0,0.4939209726443769,100.0,0.1045449387828438,-0.0318278719822695,49.45449384823154,2024,1331.0,0.0622118679575094,0.0,0.4943651389932381,108.0,0.0811419984973704,6096.0,0.0605809403529943,-0.014728748420209,0.4497607655502392,0.4102564102564102,0.066441398810599,0.1256197700838167,-0.0196106108719907,-79.32834396,48.10506134969325,2024,1316.0,0.0437237260068965,0.0,0.4939209726443769,100.0,0.0759878419452887,5825.0,0.0331315746122377,0.0096015319565359,0.4497816593886463,0.4675324675324675,-0.0821908263333333,0.1045449387828438,-0.0318278719822695,-81.95874527,46.68527131782946,2024.0,215.0,0.355,0.19,0.165,0.095,0.24,1.815,1.815,28.365000000000002,6.494999999999999,0.37,63.515,36.485,-0.62,def,2024.0,210.0,91.0,0.0591567220799198,0.4296123858840122,0.4333333333333333,0.6459419281218589,6.309057666670123,227.0,95.0,-0.0301606039592364,0.3992158216639185,0.4185022026431718,0.7314456737034591,6.618996574359896,2024.0,58.0,32.0,0.0,26.0,0.5517,60.0,31.0,0.0,29.0,0.5167,2024.0,1031.0,60.0,90.0,150.0,0.1454898157129001,58.0,0.0562560620756547,17.0,1361.5,96.0,5.647058823529411,1096.5,64.5,6.874841322211726,7.046809874268057,0.0223088836881086,0.023512294281586403,0.0115419089272284,0.012093054370191151,27.0,1.588235294117647,24.5,1.4411764705882353,156.0,9.176470588235293,def,218.0,23.990148018132786,0.1100465505418935,0.6741573033707865,71.32584269662921,67.03703703703704,0.0,0.0,0.0,0.0,0.7141613078146422,0.0,0.1304463943652015,0.0321100917431192,49.44363313432444,0.0,0.01675946877088575,0.0086410049404382,0.4840200353227673,0.506517242450598,-0.008118463830447502,0.02249720712783085,def,2024.0,78.0,34.0,16.0,2.294117647058824,4.875,2024,0.4864864864864865,1.348314606741573,0.1126760563380281,3.882352941176471,0.072226437719747,49.45449384823154,2024,13,0.0184881419506129,0.0622118679575094,0.0437237260068965,49.45449384823154,2024,0.0184881419506129,49.45449384823154,0.188284304660558,13,2024,0.0622118679575094,0.0437237260068965,0.0184881419506128
2024,HOU,14,0.0107087868487897,-0.0207457516012103,-0.03145453845,0.0264727874381532,0.403041825095057,0.3765690376569037,-0.0294417971409121,0.5192307692307693,0.5486725663716814,-0.0127295782926091,-0.0837307121814588,-0.0710011338888497,0.060497645413918,0.0512339048400544,-0.0092637405738636,-0.0030337480245111,0.0659824046920821,0.0690161527165932,-0.0480094898560867,-0.1342435121548672,-0.0862340222987805,0.1329418289135548,0.0085261134296561,-0.1244157154838987,56.51242544999995,-69.2168005,-125.72922594999996,3.709779752920788,48.51119402985075,52.22097378277154,1364.0,1362.0,5435.0,5359.0,-0.17534822,0.4237536656891496,90.0,-0.11352286,0.4353891336270191,94.0,0.0050084797491098,-0.1503044362716707,0.0,2024,1364.0,-0.0207457516012103,-0.17534822,0.4237536656891496,90.0,0.0659824046920821,5435.0,-0.0837307121814588,0.0512339048400544,0.403041825095057,0.5192307692307693,-0.1342435121548672,0.0085261134296561,-0.1244157154838987,-69.2168005,48.51119402985075,2024,1362.0,-0.03145453845,-0.11352286,0.4353891336270191,94.0,0.0690161527165932,5359.0,-0.0710011338888497,-0.0092637405738636,0.3765690376569037,0.5486725663716814,-0.0862340222987805,0.0050084797491098,-0.1503044362716707,-125.72922594999996,52.22097378277154,2024.0,265.0,0.305,0.17,0.135,0.105,0.325,1.5899999999999999,1.5899999999999999,23.27,6.02,0.32999999999999996,64.305,35.695,6.01,def,2024.0,298.0,111.0,-0.0018883430431587,0.3732411698254129,0.3724832214765101,0.7889463253871759,7.721804712722506,263.0,93.0,-0.1527228774198624,0.3563826352526043,0.3536121673003802,0.7728440805840187,7.716035134456186,2024.0,65.0,32.0,0.0,33.0,0.4923,54.0,31.0,0.0,23.0,0.5741,2024.0,1142.0,60.0,88.0,148.0,0.1295971978984238,66.0,0.0577933450087565,17.0,1398.0,112.5,6.617647058823529,1790.5,105.3235294117647,7.915345926514171,8.046450464095296,0.032150584654987,0.032525046818874845,0.011095094711789,0.01106102315871335,44.5,2.617647058823529,28.0,1.6470588235294117,111.5,6.558823529411765,def,238.0,44.86382704448084,0.1885034749768102,0.6987951807228916,71.0421686746988,65.68831168831169,0.0,0.0,0.0,0.0,0.7913837308786333,0.0,1.6068948845514457,0.0672268907563025,54.054281985368895,0.0,0.06874118671569356,-0.03975864973278995,0.5133689343542879,0.48600781191021014,-0.10849983644848345,-0.0273611224440778,def,2024.0,66.0,49.0,17.0,1.346938775510204,3.882352941176471,2024,0.4005167958656331,0.8461538461538461,0.0704225352112676,2.4705882352941178,-1.8479576051609532,0.0,2024,14,0.0107087868487897,-0.0207457516012103,-0.03145453845,0.0,2024,0.0107087868487897,0.0,-0.0056010974135628,15,2024,-0.0207457516012103,-0.03145453845,0.0107087868487896
2024,PIT,15,0.0059594850902274,-0.0126783446084283,-0.0186378296986557,0.0474101921470342,0.4246031746031746,0.3771929824561403,-0.0056064073226544,0.5052631578947369,0.5108695652173914,-0.0277139545000214,-0.0584227357701019,-0.0307087812700805,0.119704903573576,0.0421711036057636,-0.0775337999678124,0.0129783026415957,0.0791001451378809,0.0661218424962852,-0.0299922266035529,-0.0950648494573991,-0.0650726228538461,0.1717614656113167,0.0474657833198707,-0.124295682291446,70.064919087,-66.017807671,-136.082726758,-0.7177217459516996,48.79185185185185,48.07413010590015,1378.0,1346.0,5430.0,5558.0,-0.096905962,0.4412191582002903,109.0,-0.045901276,0.4680534918276374,89.0,0.0165869621223684,-0.0852976024488721,24.60042485172917,2024,1378.0,-0.0126783446084283,-0.096905962,0.4412191582002903,109.0,0.0791001451378809,5430.0,-0.0584227357701019,0.0421711036057636,0.4246031746031746,0.5052631578947369,-0.0950648494573991,0.0474657833198707,-0.124295682291446,-66.017807671,48.79185185185185,2024,1346.0,-0.0186378296986557,-0.045901276,0.4680534918276374,89.0,0.0661218424962852,5558.0,-0.0307087812700805,-0.0775337999678124,0.3771929824561403,0.5108695652173914,-0.0650726228538461,0.0165869621223684,-0.0852976024488721,-136.082726758,48.07413010590015,2024.0,249.5,0.3,0.16499999999999998,0.13,0.10500000000000001,0.295,1.565,1.565,23.89,6.015,0.355,62.17,37.83,0.94,def,2024.0,265.0,107.0,0.0538305312549818,0.4066285697542147,0.4037735849056604,0.7381787449640906,7.3671459553232,241.0,88.0,-0.1689625434820413,0.354118085980831,0.3651452282157676,0.7275377853809226,7.210990008539028,2024.0,57.0,28.0,0.0,29.0,0.4912,67.0,36.0,0.0,31.0,0.5373,2024.0,1094.0,49.0,102.0,151.0,0.1380255941499086,64.0,0.0585009140767824,17.0,1400.5,113.5,6.6764705882352935,1325.0,77.94117647058823,8.094885582450747,8.10451426817166,0.03311580754621575,0.03362217469394745,0.012599662957392649,0.01285558237945305,41.5,2.441176470588235,30.5,1.7941176470588236,121.5,7.14705882352941,def,229.0,67.51426888865385,0.2948221348849513,0.6707317073170732,70.6219512195122,65.88235294117646,0.0,0.0,0.0,0.0,1.7889199822099604,0.0,1.5636690996295914,0.0305676855895196,62.03899340282606,0.0,-0.0758625049446938,0.0647803888799596,0.464666729909738,0.496896232605624,0.14064289382465345,0.032229502695885995,def,2024.0,66.0,44.0,15.0,1.5,4.4,2024,0.446078431372549,1.0925925925925926,0.0919540229885057,4.588235294117647,-0.8927897412790478,24.60042485172917,2024,15,0.0059594850902274,-0.0126783446084283,-0.0186378296986557,24.60042485172917,2024,0.0059594850902274,24.60042485172917,0.0031687282787291,14,2024,-0.0126783446084283,-0.0186378296986557,0.0059594850902273
2024,NAN,16,0.0,0.0,0.0,0.0,0.0,0.0,0.0,0.0,0.0,0.0,0.0,0.0,0.0,0.0,0.0,0.0,0.0,0.0,0.0,0.0,0.0,0.0,0.0,0.0,0.0,0.0,0.0,0.0,50.0,50.0,2588.0,2588.0,0.0,0.0,0.0,0.0,0.0,0.0,0.0,0.0,,,43.75299576338686,2024,2588.0,0.0,0.0,0.0,0.0,0.0,0.0,,,,,,,,0.0,50.0,2024,2588.0,0.0,0.0,0.0,0.0,0.0,0.0,,,,,,,,0.0,50.0,,,,,,,,,,,,,,,,,,,,,,,,,,,,,,,,,,,,,,,,,,,,,,,,,,,,,,,,,,,,,,,,,,,,,,,,,,,,,,,,,,,,,,,,,,,,,,,,,,,2024,0.0,1.1129101570326216,0.134960760260786,0.0,-0.1491472897443572,43.75299576338686,2024,16,0.0,0.0,0.0,43.75299576338686,2024,0.0,43.75299576338686,-0.0130127053693589,16,2024,0.0,0.0,0.0
2024,ATL,17,-0.0012902979370622,0.0256143989847118,0.0269046969217741,-0.0167965367965368,0.4632034632034632,0.48,-0.0116279069767442,0.4069767441860465,0.4186046511627907,0.0326739469444515,0.0027719202167849,-0.0299020267276666,-0.0768620383705346,0.0466820469227129,0.1235440852932475,0.0148455655554147,0.0789855072463768,0.0641399416909621,-0.1348854948832664,-0.0131238999231132,0.1217615949601532,0.0903891276714411,0.080244839322135,-0.0101442883493061,-52.57130724,-131.18829144999998,-78.61698420999998,-1.6489429838619216,47.10922509225093,45.46028210838901,1380.0,1372.0,6291.0,5874.0,0.0,0.4927536231884058,109.0,-0.0016629726,0.4701166180758017,88.0,0.1112885299254014,-0.0669564857373786,21.061125480570624,2024,1380.0,0.0256143989847118,0.0,0.4927536231884058,109.0,0.0789855072463768,6291.0,0.0027719202167849,0.0466820469227129,0.4632034632034632,0.4069767441860465,-0.0131238999231132,0.080244839322135,-0.0101442883493061,-131.18829144999998,47.10922509225093,2024,1372.0,0.0269046969217741,-0.0016629726,0.4701166180758017,88.0,0.0641399416909621,5874.0,-0.0299020267276666,0.1235440852932475,0.48,0.4186046511627907,0.1217615949601532,0.1112885299254014,-0.0669564857373786,-78.61698420999998,45.46028210838901,2024.0,228.0,0.32999999999999996,0.195,0.13,0.1,0.22,1.7799999999999998,1.7799999999999998,26.935000000000002,6.279999999999999,0.38,61.2,38.8,-2.16,def,2024.0,229.0,95.0,-0.0378115204586306,0.4056179163013073,0.4148471615720524,0.7074943462919242,7.050134208352201,224.0,99.0,0.2420897283931679,0.4418683483698964,0.4419642857142857,0.744101460974526,7.09762013012787,2024.0,54.0,31.0,0.0,23.0,0.5741,59.0,37.0,0.0,22.0,0.6271,2024.0,1049.0,57.0,81.0,138.0,0.1315538608198284,52.0,0.0495710200190657,17.0,1412.5,110.5,6.5,1397.0,82.17647058823529,7.803324265287213,7.825635411842308,0.0325049039420066,0.03259737434614275,0.01403080125160295,0.01450740921184265,30.0,1.7647058823529411,22.0,1.2941176470588234,115.0,6.76470588235294,def,220.0,-12.725467178143314,-0.0578430326279241,0.6702127659574468,70.26595744680851,63.191489361702125,0.0,0.0,0.0,0.0,-0.3507545544165218,0.0,-0.5669374613834941,0.0227272727272727,46.890740593278274,0.0,-0.0012303260684146042,-0.005028033715930049,0.5103287022819222,0.5147376324333273,-0.0037977076475154414,0.004408930151404953,def,2024.0,60.0,32.0,17.0,1.875,3.5294117647058822,2024,0.4476885644768856,0.9732142857142856,0.1016949152542373,3.176470588235294,-1.030211149257311,21.061125480570624,2024,17,-0.0012902979370622,0.0256143989847118,0.0269046969217741,21.061125480570624,2024,-0.0012902979370622,21.061125480570624,-0.0787908785923376,17,2024,0.0256143989847118,0.0269046969217741,-0.0012902979370623
2024,SEA,18,-0.0093140087671745,-0.0190099049537344,-0.0096958961865599,0.0133370380661295,0.4067796610169492,0.3934426229508196,0.0785739010038075,0.4859813084112149,0.4074074074074074,-0.0605119441485544,-0.0168238830870561,0.0436880610614983,0.1789160449252212,-0.0400342148580174,-0.2189502597832386,-0.0008353254659904,0.0649161196207148,0.0657514450867052,-0.0136786762889574,-0.1032234416196629,-0.0895447653307054,0.1663555680601107,0.0399362523955678,-0.1264193156645429,-36.23566463400002,-128.69380422400002,-92.45813959,-2.469246740031352,51.19330855018588,48.72406181015453,1371.0,1384.0,5647.0,5660.0,-0.025184529,0.4638949671772429,89.0,-0.066889696,0.4523121387283237,91.0,0.0340370857755197,-0.1006251579988452,44.83432956916961,2024,1371.0,-0.0190099049537344,-0.025184529,0.4638949671772429,89.0,0.0649161196207148,5647.0,-0.0168238830870561,-0.0400342148580174,0.4067796610169492,0.4859813084112149,-0.1032234416196629,0.0399362523955678,-0.1264193156645429,-128.69380422400002,51.19330855018588,2024,1384.0,-0.0096958961865599,-0.066889696,0.4523121387283237,91.0,0.0657514450867052,5660.0,0.0436880610614983,-0.2189502597832386,0.3934426229508196,0.4074074074074074,-0.0895447653307054,0.0340370857755197,-0.1006251579988452,-92.45813959,48.72406181015453,2024.0,242.0,0.29,0.175,0.11499999999999999,0.1,0.325,1.57,1.57,23.814999999999998,5.9350000000000005,0.31,64.77,35.230000000000004,-0.34,def,2024.0,235.0,87.0,-0.0849863520844611,0.3639495212592098,0.3702127659574468,0.7401272026704553,7.961740172553321,243.0,93.0,-0.2337350813005159,0.3853786048832489,0.382716049382716,0.7412538227166711,6.610918274192268,2024.0,46.0,27.0,0.0,19.0,0.587,59.0,31.0,0.0,28.0,0.5254,2024.0,1051.0,48.0,78.0,126.0,0.1198858230256898,58.0,0.055185537583254,17.0,1409.5,120.5,7.088235294117647,1437.0,84.52941176470588,8.473459929161569,8.552650786411883,0.03457822815414785,0.03479103682741215,0.01315704605984775,0.01347189041879205,37.0,2.1764705882352944,29.5,1.7352941176470589,172.0,10.11764705882353,def,231.0,18.96619653476889,0.0821047469037614,0.5529411764705883,73.48235294117647,65.28947368421052,0.0,0.0,0.0,0.0,0.7952142916554429,0.0,0.7389110170957499,0.0303030303030303,46.23118712507994,0.0,-0.0054422273524838,-0.03619906418319295,0.4993250904872084,0.4907213105704942,-0.030756836830709098,-0.0086037799167141,def,2024.0,48.0,40.0,15.0,1.2,3.2,2024,0.4480369515011547,1.0508474576271187,0.1470588235294117,4.941176470588236,-0.1071620269841412,44.83432956916961,2024,18,-0.0093140087671745,-0.0190099049537344,-0.0096958961865599,44.83432956916961,2024,-0.0093140087671745,44.83432956916961,-0.1052488765247971,18,2024,-0.0190099049537344,-0.0096958961865599,-0.0093140087671744
2024,LA,19,-0.0124951580139104,0.0173445681293983,0.0298397261433087,-0.0330178426762038,0.4298642533936652,0.462882096069869,0.0178453403833444,0.3707865168539326,0.3529411764705882,0.0305566727144093,0.0488279411926829,0.0182712684782735,-0.1280731037305136,-0.1198100869903225,0.0082630167401911,-0.0082887027824692,0.0643451930355791,0.0726338958180484,0.1120793055134254,-0.0402088037666666,-0.1522881092800921,0.1782122072227367,0.107403067548019,-0.0708091396747178,31.25573909,-63.88234495,-95.13808404,2.021853268930016,46.6979969183359,48.71985018726592,1321.0,1363.0,5633.0,6005.0,-0.0020200617,0.4822104466313399,85.0,-0.0194096165,0.471019809244314,99.0,0.1195842644823475,-0.0524360845086414,26.121200120627915,2024,1321.0,0.0173445681293983,-0.0020200617,0.4822104466313399,85.0,0.0643451930355791,5633.0,0.0488279411926829,-0.1198100869903225,0.4298642533936652,0.3707865168539326,-0.0402088037666666,0.107403067548019,-0.0708091396747178,-63.88234495,46.6979969183359,2024,1363.0,0.0298397261433087,-0.0194096165,0.471019809244314,99.0,0.0726338958180484,6005.0,0.0182712684782735,0.0082630167401911,0.462882096069869,0.3529411764705882,-0.1522881092800921,0.1195842644823475,-0.0524360845086414,-95.13808404,48.71985018726592,2024.0,250.5,0.32499999999999996,0.19,0.135,0.095,0.275,1.76,1.76,26.86,6.355,0.385,63.595,36.405,3.85,def,2024.0,244.0,92.0,-0.2017295005954039,0.3634407646017553,0.3770491803278688,0.6878390572276022,6.805324332530216,262.0,110.0,0.0145430376422369,0.4231921844924941,0.4198473282442748,0.6999109894233734,7.205394785812742,2024.0,74.0,38.0,0.0,36.0,0.5135,61.0,31.0,0.0,30.0,0.5082,2024.0,1177.0,57.0,102.0,159.0,0.135089209855565,74.0,0.0628717077315208,,,,,,,,,,,,,,,,,,,,220.0,6.590265493392495,0.0299557522426931,0.6436781609195402,70.36781609195403,62.095238095238095,0.0,0.0,0.0,0.0,-0.1882789408277209,0.0,0.5026424375142192,0.0409090909090909,51.5131502809518,0.0,-0.02047414278076195,-0.0009022668300218487,0.4986945300130516,0.5179155804411306,0.019571875950740107,0.019221050428078902,def,2024.0,48.0,36.0,17.0,1.3333333333333333,2.823529411764706,2024,0.4664948453608247,1.036697247706422,0.1041666666666666,4.235294117647059,-0.8337421567843295,26.121200120627915,2024,19,-0.0124951580139104,0.0173445681293983,0.0298397261433087,26.121200120627915,2024,-0.0124951580139104,26.121200120627915,-0.1810293987193132,19,2024,0.0173445681293983,0.0298397261433087,-0.0124951580139103
2024,MIA,20,-0.0228723748601472,-0.0296003093199262,-0.0067279344597789,0.0309572681470424,0.4043478260869565,0.3733905579399141,0.0160831617142296,0.4141414141414141,0.3980582524271844,0.0126666453326981,-0.0084726119091843,-0.0211392572418824,-0.1078496393051419,-0.1699102039896656,-0.0620605646845237,-0.0075411859648578,0.0599853694220921,0.0675265553869499,-0.0035708190113539,-0.0737908448635071,-0.0702200258521531,0.332829359409462,0.0872765116833046,-0.2455528477261574,-48.55242461,-123.67215949,-75.11973488,0.7337973704563012,47.4,48.1337973704563,1367.0,1318.0,5536.0,5351.0,-0.0384014164999999,0.4637893196781273,82.0,-0.0660765,0.4514415781487101,89.0,0.0259470027867727,-0.101563013814433,70.62651574026246,2024,1367.0,-0.0296003093199262,-0.0384014164999999,0.4637893196781273,82.0,0.0599853694220921,5536.0,-0.0084726119091843,-0.1699102039896656,0.4043478260869565,0.4141414141414141,-0.0737908448635071,0.0872765116833046,-0.2455528477261574,-123.67215949,47.4,2024,1318.0,-0.0067279344597789,-0.0660765,0.4514415781487101,89.0,0.0675265553869499,5351.0,-0.0211392572418824,-0.0620605646845237,0.3733905579399141,0.3980582524271844,-0.0702200258521531,0.0259470027867727,-0.101563013814433,-75.11973488,48.1337973704563,2024.0,240.0,0.305,0.15,0.155,0.09,0.26,1.505,1.505,23.22,5.915,0.35,59.754999999999995,40.245000000000005,-1.63,def,2024.0,230.0,87.0,-0.1813440173868796,0.3730446024563671,0.3782608695652174,0.7329427925016161,7.017431588019823,231.0,80.0,-0.1618210130612867,0.347939925318818,0.3463203463203463,0.7231752916441497,7.399646912103659,2024.0,56.0,31.0,0.0,25.0,0.5536,57.0,27.0,0.0,30.0,0.4737,2024.0,995.0,50.0,89.0,139.0,0.1396984924623115,52.0,0.0522613065326633,17.0,1384.0,119.5,7.029411764705882,1587.5,93.38235294117646,8.560761907143903,8.632603609625669,0.03463830409062805,0.035047627005347554,0.011844714399571351,0.011956885026737949,40.0,2.352941176470588,30.5,1.7941176470588234,100.5,5.911764705882353,def,209.0,33.40011688328017,0.1598091716903357,0.6506024096385542,71.72289156626506,65.54385964912281,0.0,0.0,0.0,0.0,0.9401918001282358,0.0,1.0198682815546662,0.0574162679425837,52.19318559349808,0.0,-0.038575203589054446,0.00811043932810695,0.5020517252555281,0.5043817874032774,0.046685642917161395,0.0023300621477492503,def,2024.0,48.0,30.0,15.0,1.6,3.2,2024,0.4543147208121827,1.28125,0.1739130434782608,5.294117647058823,0.8942787009045692,70.62651574026246,2024,20,-0.0228723748601472,-0.0296003093199262,-0.0067279344597789,70.62651574026246,2024,-0.0228723748601472,70.62651574026246,-0.1833225280178919,20,2024,-0.0296003093199262,-0.0067279344597789,-0.0228723748601473
2024,SF,21,-0.0255752699111435,0.0300304167222052,0.0556056866333487,-0.01213282247765,0.449074074074074,0.4612068965517241,-0.2565308254963427,0.3181818181818182,0.5747126436781609,0.0244150427352148,0.0477613043347525,0.0233462615995377,-0.1442492996347028,-0.0549012640829787,0.0893480355517241,0.0253615666332315,0.0844106463878327,0.0590490797546012,-0.1597080842342816,0.0080018696827308,0.1677099539170124,0.1999375444973894,0.140648553580841,-0.0592889909165484,-42.18019704,-128.10708631,-85.92688927,0.2358006292432506,45.67676767676768,45.91256830601093,1315.0,1304.0,6397.0,5397.0,-0.0045759152,0.4745247148288973,111.0,0.0,0.4930981595092024,77.0,0.0863824206154362,0.006223085831912,80.47226080665601,2024,1315.0,0.0300304167222052,-0.0045759152,0.4745247148288973,111.0,0.0844106463878327,6397.0,0.0477613043347525,-0.0549012640829787,0.449074074074074,0.3181818181818182,0.0080018696827308,0.140648553580841,-0.0592889909165484,-128.10708631,45.67676767676768,2024,1304.0,0.0556056866333487,0.0,0.4930981595092024,77.0,0.0590490797546012,5397.0,0.0233462615995377,0.0893480355517241,0.4612068965517241,0.5747126436781609,0.1677099539170124,0.0863824206154362,0.006223085831912,-85.92688927,45.91256830601093,2024.0,225.5,0.345,0.20500000000000002,0.135,0.11,0.24,1.85,1.85,26.29,6.06,0.375,60.629999999999995,39.370000000000005,-2.21,def,2024.0,215.0,91.0,-0.0045661625835313,0.4177735951092353,0.4232558139534884,0.768256925696372,6.79983100329121,230.0,100.0,0.0107236188978539,0.4375260360554478,0.4347826086956521,0.7477806507218272,6.269258600876248,2024.0,64.0,36.0,0.0,28.0,0.5625,61.0,41.0,0.0,20.0,0.6721,2024.0,1012.0,45.0,67.0,112.0,0.1106719367588932,50.0,0.0494071146245059,17.0,1347.0,95.0,5.588235294117647,1404.0,82.58823529411764,6.989992649173107,7.044691912199166,0.0269677184956999,0.027041461995008453,0.0117893346505655,0.01189722910585305,26.0,1.5294117647058822,25.0,1.4705882352941178,119.5,7.029411764705882,def,223.0,-12.305160257131112,-0.0551800908391529,0.6451612903225806,71.48924731182795,63.7872340425532,0.0,0.0,0.0,0.0,-0.3353780662569841,0.0,-0.4626352811456917,0.0717488789237668,42.6284556954224,0.0,0.0855527527133791,-0.05562282656057805,0.5220898076047907,0.4882470866364005,-0.14117557927395719,-0.0338427209683903,def,2024.0,60.0,33.0,13.0,1.818181818181818,4.615384615384615,2024,0.4517906336088154,1.5974025974025974,0.1492537313432835,3.5294117647058822,1.2765623134874593,80.47226080665601,2024,21,-0.0255752699111435,0.0300304167222052,0.0556056866333487,80.47226080665601,2024,-0.0255752699111435,80.47226080665601,-0.1879718213485498,21,2024,0.0300304167222052,0.0556056866333487,-0.0255752699111435
2024,NYJ,22,-0.0265960235885395,0.0080866092942505,0.03468263288279,0.0470018515880928,0.453781512605042,0.4067796610169492,-0.140044017143519,0.4329896907216495,0.5730337078651685,-0.0035898986451869,-0.0042740613823931,-0.0006841627372062,-0.1720531645933611,-0.0398668958477611,0.1321862687456,0.0032033279944534,0.0709382151029748,0.0677348871085214,-0.0919705106069464,-0.0826585179464285,0.0093119926605179,0.1569202813831279,0.0530467650653314,-0.1038735163177965,-17.16065976,-90.22535866,-73.0646989,-2.350170287930922,48.63121118012423,46.28104089219331,1311.0,1373.0,5285.0,5338.0,-0.07059097,0.4569031273836766,93.0,-0.055386968,0.459577567370721,93.0,0.1131800278307645,-0.0467580221788631,72.58601404093888,2024,1311.0,0.0080866092942505,-0.07059097,0.4569031273836766,93.0,0.0709382151029748,5285.0,-0.0042740613823931,-0.0398668958477611,0.453781512605042,0.4329896907216495,-0.0826585179464285,0.0530467650653314,-0.1038735163177965,-90.22535866,48.63121118012423,2024,1373.0,0.03468263288279,-0.055386968,0.459577567370721,93.0,0.0677348871085214,5338.0,-0.0006841627372062,0.1321862687456,0.4067796610169492,0.5730337078651685,0.0093119926605179,0.1131800278307645,-0.0467580221788631,-73.0646989,46.28104089219331,2024.0,226.5,0.31000000000000005,0.18,0.13,0.09,0.27,1.65,1.65,24.090000000000003,6.27,0.375,60.394999999999996,39.605000000000004,-1.86,def,2024.0,238.0,96.0,0.0475204646209028,0.4142417820298819,0.4033613445378151,0.7844032615997412,7.107012954699881,236.0,90.0,0.0168370873647625,0.3895142267433289,0.3813559322033898,0.7093745392894,6.952277138925745,2024.0,55.0,32.0,0.0,23.0,0.5818,64.0,37.0,0.0,27.0,0.5781,2024.0,1051.0,55.0,80.0,135.0,0.1284490960989533,56.0,0.0532825880114177,17.0,1377.0,120.5,7.088235294117647,1652.5,97.20588235294116,8.596441484482142,8.738523817943353,0.02888641120457015,0.0297975652944948,0.01493377736496085,0.015201999276924599,42.5,2.5,38.5,2.264705882352941,232.0,13.647058823529413,def,214.0,7.288975021492082,0.0340606309415517,0.6739130434782609,71.93486024844721,67.07936507936508,0.0,0.0,0.0,0.0,-0.1251248345870574,0.0,-0.0738231228040969,0.0560747663551401,42.7870980142822,0.0,-0.0209042249425074,-0.00576466300845015,0.4896068500328673,0.5075316870440497,0.015139561934057251,0.017924837011182353,def,2024.0,48.0,30.0,15.0,1.6,3.2,2024,0.4623655913978494,1.2604166666666667,0.1818181818181818,4.588235294117647,0.9703607123908776,72.58601404093888,2024,22,-0.0265960235885395,0.0080866092942505,0.03468263288279,72.58601404093888,2024,-0.0265960235885395,72.58601404093888,-0.2166540361086067,22,2024,0.0080866092942505,0.03468263288279,-0.0265960235885394
2024,IND,23,-0.0419461665157334,-0.0343019364490097,0.0076442300667237,-0.0711462450592885,0.391304347826087,0.4624505928853755,0.0267374115688723,0.4537037037037037,0.4269662921348314,-0.0356473523119175,-0.066792121653836,-0.0311447693419184,-0.0530954441009964,-0.0395887869852071,0.0135066571157894,0.0042471761303412,0.0821508588498879,0.0779036827195467,-0.0687803632032792,-0.0432181453860986,0.0255622178171806,0.0438461315601403,-0.0280929073407107,-0.071939038900851,-22.525591409,-139.255025203,-116.729433794,-1.7773620128755925,49.15209125475285,47.374729241877255,1339.0,1412.0,5694.0,6146.0,-0.10450333,0.4421209858103062,110.0,-0.047049273,0.4575070821529745,110.0,0.1025716105512111,-0.1193444023658585,65.47621333595201,2024,1339.0,-0.0343019364490097,-0.10450333,0.4421209858103062,110.0,0.0821508588498879,5694.0,-0.066792121653836,-0.0395887869852071,0.391304347826087,0.4537037037037037,-0.0432181453860986,-0.0280929073407107,-0.071939038900851,-139.255025203,49.15209125475285,2024,1412.0,0.0076442300667237,-0.047049273,0.4575070821529745,110.0,0.0779036827195467,6146.0,-0.0311447693419184,0.0135066571157894,0.4624505928853755,0.4269662921348314,0.0255622178171806,0.1025716105512111,-0.1193444023658585,-116.729433794,47.374729241877255,2024.0,243.5,0.31,0.185,0.125,0.125,0.27,1.665,1.665,24.744999999999997,5.895,0.36,63.07,36.93,-6.81,def,2024.0,229.0,87.0,-0.0841019556152531,0.3713056263229273,0.3799126637554585,0.6562776468053284,6.824719455861324,248.0,110.0,0.053523679543745,0.4410380277162284,0.4435483870967742,0.7082405435779139,6.346550613938157,2024.0,55.0,28.0,0.0,27.0,0.5091,62.0,38.0,0.0,24.0,0.6129,2024.0,1094.0,68.0,87.0,155.0,0.1416819012797075,58.0,0.053016453382084,17.0,1413.0,92.0,5.411764705882353,1163.0,68.41176470588236,6.5603736055970225,6.508019246190858,0.02806549128641275,0.02787189254210095,0.010247571485691501,0.0102039895749799,28.0,1.6470588235294117,24.0,1.411764705882353,143.0,8.411764705882353,def,235.0,10.658431351235857,0.0453550270265355,0.7659574468085106,70.68085106382979,70.02941176470588,0.0,0.0,0.0,0.0,0.1812479412044741,0.0,0.2635847601556192,0.0382978723404255,43.4199313753488,0.0,-0.0460902921754335,-0.0387195126020533,0.4866606809666566,0.48007051356235,0.0073707795733802,-0.006590167404306501,def,2024.0,54.0,38.0,17.0,1.4210526315789471,3.176470588235294,2024,0.4549878345498783,1.207207207207207,0.1728395061728395,6.0,0.6943064087380266,65.47621333595201,2024,23,-0.0419461665157334,-0.0343019364490097,0.0076442300667237,65.47621333595201,2024,-0.0419461665157334,65.47621333595201,-0.3892980032045075,23,2024,-0.0343019364490097,0.0076442300667237,-0.0419461665157335
2024,CHI,24,-0.058898150720272,-0.0567290746765948,0.0021690760436772,-0.0515728977616454,0.3563218390804598,0.4078947368421052,-0.0419191919191919,0.4469696969696969,0.4888888888888889,-0.0925558496758051,-0.0682995698117056,0.0242562798640995,0.0093889280350401,-0.0963992537659032,-0.1057881818009433,-0.0423722283862559,0.0463623395149786,0.0887345679012345,0.1844561836624297,0.0441869817446808,-0.1402692019177489,0.1015050784902151,-0.040224609672054,-0.1417296881622691,28.063681242000012,-74.73679856199999,-102.800479804,-2.306151789081518,50.36284470246734,48.056692913385824,1402.0,1296.0,4826.0,6022.0,-0.151207545,0.4236804564907275,65.0,-0.058290407,0.4560185185185185,115.0,0.0187060012993265,-0.0268025156062906,37.54138396403141,2024,1402.0,-0.0567290746765948,-0.151207545,0.4236804564907275,65.0,0.0463623395149786,4826.0,-0.0682995698117056,-0.0963992537659032,0.3563218390804598,0.4469696969696969,0.0441869817446808,-0.040224609672054,-0.1417296881622691,-74.73679856199999,50.36284470246734,2024,1296.0,0.0021690760436772,-0.058290407,0.4560185185185185,115.0,0.0887345679012345,6022.0,0.0242562798640995,-0.1057881818009433,0.4078947368421052,0.4888888888888889,-0.1402692019177489,0.0187060012993265,-0.0268025156062906,-102.800479804,48.056692913385824,2024.0,234.5,0.28500000000000003,0.16,0.125,0.095,0.31,1.5,1.5,23.955,6.035,0.31,63.39,36.61,0.08,def,2024.0,258.0,85.0,-0.2410306401275689,0.3271985367573602,0.3294573643410852,0.7509291362232539,7.674893570481807,228.0,86.0,-0.1537423014721843,0.3683858625035096,0.3771929824561403,0.7772888875830053,6.602302272890508,2024.0,37.0,23.0,0.0,14.0,0.6216,63.0,31.0,0.0,32.0,0.4921,2024.0,1017.0,64.0,101.0,165.0,0.1622418879056047,69.0,0.0678466076696165,17.0,1383.0,108.5,6.382352941176471,1352.5,79.55882352941177,7.761363991337422,7.819822865645115,0.0340830609466723,0.03429982839226205,0.01170272562034325,0.01190813255297775,40.0,2.3529411764705883,23.5,1.3823529411764706,114.5,6.735294117647059,def,223.0,23.531611762914206,0.1055229227036511,0.6555555555555556,71.24444444444444,64.34146341463415,0.0,0.0,0.0,0.0,0.8369880013712353,0.0,0.6166838472434444,0.0627802690582959,51.760550837260375,0.0,-0.1180763845903467,0.020362318034352796,0.46069559303971,0.4911112994930025,0.13843870262469948,0.03041570645329245,def,2024.0,54.0,35.0,15.0,1.542857142857143,3.6,2024,0.4168618266978923,0.8846153846153846,0.1549295774647887,4.941176470588236,-0.3903273510406135,37.54138396403141,2024,24,-0.058898150720272,-0.0567290746765948,0.0021690760436772,37.54138396403141,2024,-0.058898150720272,37.54138396403141,-0.6265575620978785,24,2024,-0.0567290746765948,0.0021690760436772,-0.058898150720272
2024,NO,25,-0.0666993286415013,-0.0577754373926691,0.0089238912488322,-0.0755758748021804,0.3872340425531915,0.4628099173553719,-0.0404040404040403,0.3636363636363636,0.404040404040404,-0.0641132698488536,-0.0612537266782401,0.0028595431706135,-0.1106699607480926,-0.1221276791126087,-0.0114577183645161,-0.0086406438225704,0.0680119581464872,0.0766526019690576,-0.0115144345861004,-0.044994380439759,-0.0334799458536585,-0.0381136714070662,-0.0736841191607305,-0.0355704477536643,-13.057094629999996,-88.63690403,-75.5798094,0.5134743686958316,49.16730038022813,49.68077474892396,1338.0,1422.0,5444.0,6465.0,-0.16066505,0.4267563527653213,91.0,-0.09126469,0.4493670886075949,109.0,0.0476687628509091,0.0159446924866213,33.673785009368444,2024,1338.0,-0.0577754373926691,-0.16066505,0.4267563527653213,91.0,0.0680119581464872,5444.0,-0.0612537266782401,-0.1221276791126087,0.3872340425531915,0.3636363636363636,-0.044994380439759,-0.0736841191607305,-0.0355704477536643,-88.63690403,49.16730038022813,2024,1422.0,0.0089238912488322,-0.09126469,0.4493670886075949,109.0,0.0766526019690576,6465.0,0.0028595431706135,-0.0114577183645161,0.4628099173553719,0.404040404040404,-0.0334799458536585,0.0476687628509091,0.0159446924866213,-75.5798094,49.68077474892396,2024.0,239.5,0.3,0.17,0.13,0.08,0.28,1.57,1.57,25.13,5.98,0.32499999999999996,62.265,37.735,2.37,def,2024.0,234.0,84.0,-0.0648466943189803,0.3769961679996282,0.358974358974359,0.6926510724953632,7.440980328783097,241.0,97.0,0.0416292731687156,0.3991788397361153,0.4024896265560166,0.7926094454322464,7.044105545398571,2024.0,47.0,25.0,0.0,22.0,0.5319,55.0,30.0,0.0,25.0,0.5455,2024.0,1098.0,60.0,99.0,159.0,0.1448087431693989,74.0,0.0673952641165755,17.0,1416.5,112.5,6.61764705882353,1456.0,85.64705882352942,7.901740337803146,7.938016660878867,0.02910331581939095,0.0292949961481197,0.01109263807735825,0.01123706227272905,39.0,2.294117647058824,26.5,1.5588235294117645,127.5,7.499999999999999,def,231.0,2.2779279978324,0.0098611601637766,0.5978260869565217,71.45833333333334,62.10666666666667,0.0,0.0,0.0,0.0,-0.0265145967604204,0.0,0.1046154525264165,0.0389610389610389,48.86515144138847,0.0,0.03166719910564035,-0.12155539975775555,0.4978747955529274,0.46178406362754465,-0.15322259886339595,-0.03609073192538275,def,2024.0,66.0,32.0,14.0,2.0625,4.714285714285714,2024,0.3975,0.9649122807017544,0.1333333333333333,4.235294117647059,-0.5404957426087637,33.673785009368444,2024,25,-0.0666993286415013,-0.0577754373926691,0.0089238912488322,33.673785009368444,2024,-0.0666993286415013,33.673785009368444,-0.7148879096933989,25,2024,-0.0577754373926691,0.0089238912488322,-0.0666993286415014
2024,JAX,26,-0.1020428607098477,-0.0026894473360346,0.0993534133738131,-0.0673519767141961,0.3944954128440367,0.4618473895582329,0.0115330214340114,0.495049504950495,0.4835164835164835,-0.0904958428871345,-0.019439594581592,0.0710562483055425,-0.2058233668845933,-0.0362230791934169,0.1696002876911764,-0.0095484670933715,0.0768025078369906,0.0863509749303621,-0.0333148853293333,-0.0152354513,0.0180794340293333,0.0724187343308934,0.0058164122037617,-0.0666023221271317,-32.05121609999999,-67.37676834999999,-35.32555225,-3.270836426697194,50.29003984063745,47.019203413940254,1276.0,1436.0,5214.0,6631.0,-0.073788844,0.4482758620689655,98.0,-0.0100483,0.4686629526462395,124.0,0.236986797780886,-0.0412841395064655,50.51659701460223,2024,1276.0,-0.0026894473360346,-0.073788844,0.4482758620689655,98.0,0.0768025078369906,5214.0,-0.019439594581592,-0.0362230791934169,0.3944954128440367,0.495049504950495,-0.0152354513,0.0058164122037617,-0.0666023221271317,-67.37676834999999,50.29003984063745,2024,1436.0,0.0993534133738131,-0.0100483,0.4686629526462395,124.0,0.0863509749303621,6631.0,0.0710562483055425,0.1696002876911764,0.4618473895582329,0.4835164835164835,0.0180794340293333,0.236986797780886,-0.0412841395064655,-35.32555225,47.019203413940254,2024.0,228.0,0.32,0.19,0.135,0.08,0.28,1.7049999999999998,1.7049999999999998,26.715,6.265000000000001,0.33999999999999997,64.8,35.2,-2.0,def,2024.0,221.0,81.0,-0.1364461142738242,0.3602209065444359,0.3665158371040724,0.7307295645530939,6.597034419828538,248.0,106.0,0.2741662122906927,0.434079986718395,0.4274193548387097,0.7460762468980463,7.184106075585314,2024.0,50.0,29.0,0.0,21.0,0.58,62.0,36.0,0.0,26.0,0.5806,2024.0,1103.0,64.0,104.0,168.0,0.1523118766999093,83.0,0.0752493200362647,17.0,1390.5,102.0,6.0,1351.5,79.5,7.251009080624584,7.274553780020558,0.03380967331965955,0.0337515185496682,0.0132667439535403,0.01362723109989715,33.0,1.9411764705882353,25.5,1.5,137.5,8.088235294117647,def,220.0,45.33814371345999,0.2060824714248181,0.6979166666666666,71.11458333333333,65.47058823529412,0.0,0.0,0.0,0.0,1.514725187655659,0.0,1.5812318534610543,0.0454545454545454,56.79070075794708,0.0,-0.0872646731755647,-0.08889010065699705,0.4788762298937339,0.47932914511640373,-0.0016254274814323003,0.0004529152226698,def,2024.0,6.0,16.0,8.0,0.375,0.75,2024,0.4304123711340206,1.23,0.1333333333333333,4.235294117647059,0.1134650268400148,50.51659701460223,2024,26,-0.1020428607098477,-0.0026894473360346,0.0993534133738131,50.51659701460223,2024,-0.1020428607098477,50.51659701460223,-1.035333182347639,26,2024,-0.0026894473360346,0.0993534133738131,-0.1020428607098478
2024,DAL,27,-0.1045223831746298,-0.0622382458033707,0.0422841373712591,0.0102732654185022,0.40234375,0.3920704845814978,-0.0985567010309279,0.3814432989690721,0.48,-0.1368968362062935,-0.0769485354612022,0.0599483007450913,-0.127320774820393,-0.1655883855127478,-0.0382676106923547,-0.0119336372353046,0.0621942697414395,0.0741279069767441,-0.4884237180688756,-0.2903323721054053,0.1980913459634703,0.0592694870361224,-0.0683336445629228,-0.1276031315990453,-44.960231356,-137.59967737,-92.639446014,-1.933162393162398,49.85612535612536,47.92296296296296,1431.0,1376.0,5569.0,6041.0,-0.0965504849999999,0.4367575122292103,89.0,-0.0168547005,0.4665697674418604,102.0,0.0550984694428795,0.0858570196051801,47.35079736829999,2024,1431.0,-0.0622382458033707,-0.0965504849999999,0.4367575122292103,89.0,0.0621942697414395,5569.0,-0.0769485354612022,-0.1655883855127478,0.40234375,0.3814432989690721,-0.2903323721054053,-0.0683336445629228,-0.1276031315990453,-137.59967737,49.85612535612536,2024,1376.0,0.0422841373712591,-0.0168547005,0.4665697674418604,102.0,0.0741279069767441,6041.0,0.0599483007450913,-0.0382676106923547,0.3920704845814978,0.48,0.1980913459634703,0.0550984694428795,0.0858570196051801,-92.639446014,47.92296296296296,2024.0,240.5,0.325,0.18,0.14500000000000002,0.12000000000000001,0.265,1.705,1.705,24.560000000000002,6.145,0.33499999999999996,63.49,36.510000000000005,-3.53,def,2024.0,256.0,99.0,-0.1466064858336713,0.3790657578423923,0.38671875,0.6931034416624473,6.962181519031364,225.0,78.0,-0.0837034116309933,0.36078417929629,0.3466666666666667,0.6861289229801341,7.068785741363596,2024.0,53.0,23.0,0.0,30.0,0.434,58.0,42.0,0.0,16.0,0.7241,2024.0,1026.0,63.0,86.0,149.0,0.145224171539961,59.0,0.0575048732943469,17.0,1442.5,130.0,7.647058823529411,1905.0,112.05882352941177,8.938466852117259,9.007350642880706,0.03479590208481295,0.035376712032337804,0.012929759674612351,0.01287540645890975,42.5,2.5,31.5,1.852941176470588,98.0,5.764705882352941,def,239.0,58.05228378286065,0.2428965848655257,0.64,71.89111111111112,67.79032258064517,0.0,0.0,0.0,0.0,0.9615420785755814,0.0,1.7646782447044913,0.0878661087866108,52.15228679853503,0.0,-0.0711065065192719,-0.13388178386088875,0.49451323166412664,0.45271611072075535,-0.06277527734161675,-0.041797120943371346,def,2024.0,24.0,38.0,15.0,0.631578947368421,1.6,2024,0.395631067961165,1.0833333333333333,0.1481481481481481,4.588235294117647,-0.0094543984895052,47.35079736829999,2024,27,-0.1045223831746298,-0.0622382458033707,0.0422841373712591,47.35079736829999,2024,-0.1045223831746298,47.35079736829999,-1.067901447323156,28,2024,-0.0622382458033707,0.0422841373712591,-0.1045223831746299
2024,LV,28,-0.1046064485248795,-0.1129425149169321,-0.0083360663920525,-0.0148143067796028,0.4149377593360996,0.4297520661157025,0.1117424242424242,0.4242424242424242,0.3125,-0.0906573026048324,-0.1291747533721379,-0.0385174507673055,-0.1955838891330926,-0.1958792488073529,-0.0002953596742603,-0.0087546293660754,0.0579603815113719,0.0667150108774474,-0.1597209835399025,-0.1535053236767914,0.0062156598631111,0.2222149192593302,-0.0590924717974565,-0.2813073910567867,-69.93815264,-144.92915262,-74.99099998,-1.7013755188554285,49.77164179104478,48.07026627218935,1363.0,1379.0,5158.0,5640.0,-0.123170216,0.438004402054292,79.0,-0.11644169,0.4401740391588107,92.0,0.0862953943268768,-0.1000753912969047,55.394375572465314,2024,1363.0,-0.1129425149169321,-0.123170216,0.438004402054292,79.0,0.0579603815113719,5158.0,-0.1291747533721379,-0.1958792488073529,0.4149377593360996,0.4242424242424242,-0.1535053236767914,-0.0590924717974565,-0.2813073910567867,-144.92915262,49.77164179104478,2024,1379.0,-0.0083360663920525,-0.11644169,0.4401740391588107,92.0,0.0667150108774474,5640.0,-0.0385174507673055,-0.0002953596742603,0.4297520661157025,0.3125,0.0062156598631111,0.0862953943268768,-0.1000753912969047,-74.99099998,48.07026627218935,2024.0,244.5,0.305,0.15500000000000003,0.14500000000000002,0.1,0.28500000000000003,1.54,1.54,22.525,5.89,0.315,61.980000000000004,38.019999999999996,-6.54,def,2024.0,242.0,87.0,-0.2342690839391044,0.3525550242974209,0.359504132231405,0.7455853046364793,7.3323723919699155,242.0,95.0,0.0106341250293627,0.3829662455960033,0.3925619834710744,0.7656200633276758,7.383041914832572,2024.0,48.0,23.0,0.0,25.0,0.4792,60.0,35.0,0.0,25.0,0.5833,2024.0,1027.0,51.0,95.0,146.0,0.1421616358325219,61.0,0.059396299902629,17.0,1412.5,106.5,6.264705882352941,1462.5,86.02941176470588,7.49445804451115,7.535640424928298,0.028045274991810948,0.028277009382145703,0.0099289590493639,0.01025404673329095,37.0,2.176470588235294,25.0,1.4705882352941178,146.0,8.588235294117645,def,231.0,8.88301423031523,0.0384546070576416,0.7474747474747475,70.83838383838383,66.19402985074628,0.0,0.0,0.0,0.0,0.3397975559337207,0.0,-0.004032243576187,0.0562770562770562,46.87093750945281,0.0,-0.06957520853843166,-0.09113179438755595,0.47562405600786306,0.4896235032782859,-0.021556585849124302,0.0139994472704227,def,2024.0,24.0,25.0,14.0,0.96,1.7142857142857142,2024,0.4734411085450346,1.351851851851852,0.1264367816091954,4.941176470588236,0.3028559562115277,55.394375572465314,2024,28,-0.1046064485248795,-0.1129425149169321,-0.0083360663920525,55.394375572465314,2024,-0.1046064485248795,55.394375572465314,-1.0500927613120257,27,2024,-0.1129425149169321,-0.0083360663920525,-0.1046064485248795
2024,NE,29,-0.1139939845293906,-0.0636456466030142,0.0503483379263765,-0.0829802259887005,0.3958333333333333,0.4788135593220339,0.3010351966873706,0.5619047619047619,0.2608695652173913,-0.1525138468087011,-0.0818785402873678,0.0706353065213333,-0.0888610688050552,-0.1159614724483478,-0.0271004036432926,-0.0107386231426387,0.0556792873051225,0.0664179104477612,-0.2730511490896623,-0.110327860449495,0.1627232886401673,0.1701127554606948,-0.0168090568181659,-0.1869218122788607,-50.91555403699999,-116.94947853,-66.033924493,-1.814411984984254,48.605003790750565,46.79059180576631,1347.0,1340.0,4967.0,5833.0,-0.06372442,0.4580549368968077,75.0,-0.033764046,0.467910447761194,89.0,0.1804338681444444,-0.0443798681854088,31.137639684331905,2024,1347.0,-0.0636456466030142,-0.06372442,0.4580549368968077,75.0,0.0556792873051225,4967.0,-0.0818785402873678,-0.1159614724483478,0.3958333333333333,0.5619047619047619,-0.110327860449495,-0.0168090568181659,-0.1869218122788607,-116.94947853,48.605003790750565,2024,1340.0,0.0503483379263765,-0.033764046,0.467910447761194,89.0,0.0664179104477612,5833.0,0.0706353065213333,-0.0271004036432926,0.4788135593220339,0.2608695652173913,0.1627232886401673,0.1804338681444444,-0.0443798681854088,-66.033924493,46.79059180576631,2024.0,233.0,0.29000000000000004,0.16499999999999998,0.12,0.08499999999999999,0.29500000000000004,1.54,1.54,23.645,6.125,0.36,60.995000000000005,39.004999999999995,-4.45,def,2024.0,238.0,84.0,-0.2264469772966602,0.3399619171677995,0.3529411764705882,0.7658211886153063,6.974841906459553,236.0,105.0,0.0464359643576981,0.4386196560071992,0.4449152542372881,0.7039679899108965,6.158455010963661,2024.0,50.0,23.0,0.0,27.0,0.46,60.0,38.0,0.0,22.0,0.6333,2024.0,1056.0,50.0,73.0,123.0,0.1164772727272727,55.0,0.0520833333333333,17.0,1377.5,105.5,6.205882352941176,1311.0,77.11764705882354,7.551521261129668,7.65691699604743,0.029270939525213202,0.02975362318840575,0.0123684559831348,0.013060606060606,37.5,2.2058823529411766,32.5,1.9117647058823528,146.0,8.588235294117647,def,222.0,18.809325818337555,0.0847266928753943,0.7096774193548387,71.83064516129032,64.97142857142858,0.0,0.0,0.0,0.0,0.1060421949790465,0.0,0.8504248892407116,0.0315315315315315,48.64821086569212,0.0,-0.0988142498868446,-0.06246985596438305,0.46598854756383845,0.49969813321449547,0.0363443939224616,0.03370958565065705,def,2024.0,36.0,29.0,12.0,1.2413793103448276,3.0,2024,0.4431279620853081,1.1261261261261262,0.1025641025641025,4.235294117647059,-0.6389673961354694,31.137639684331905,2024,29,-0.1139939845293906,-0.0636456466030142,0.0503483379263765,31.137639684331905,2024,-0.1139939845293906,31.137639684331905,-1.201869783917689,29,2024,-0.0636456466030142,0.0503483379263765,-0.1139939845293908
2024,TEN,30,-0.1364571913966354,-0.0999023096064518,0.0365548817901836,-0.0224548835927814,0.4201680672268907,0.4426229508196721,-0.0950434338272865,0.3786407766990291,0.4736842105263157,-0.0948603953521968,-0.1128339610517477,-0.0179735656995509,-0.3033513028371352,-0.1838894651055718,0.1194618377315634,-0.0035329619079113,0.0663227708179808,0.0698557327258921,-0.1665492733821337,-0.0767340045299425,0.0898152688521912,0.1178157695924157,-0.0543203709724349,-0.1721361405648506,-92.76143514800005,-164.65841026800004,-71.89697512000001,-3.9864935910856687,50.73183520599251,46.74534161490684,1357.0,1317.0,5178.0,5293.0,-0.14626771,0.4288872512896094,90.0,-0.04095838,0.4586180713743356,92.0,0.1159445861150259,-0.0328445336013577,39.66325759118848,2024,1357.0,-0.0999023096064518,-0.14626771,0.4288872512896094,90.0,0.0663227708179808,5178.0,-0.1128339610517477,-0.1838894651055718,0.4201680672268907,0.3786407766990291,-0.0767340045299425,-0.0543203709724349,-0.1721361405648506,-164.65841026800004,50.73183520599251,2024,1317.0,0.0365548817901836,-0.04095838,0.4586180713743356,92.0,0.0698557327258921,5293.0,-0.0179735656995509,0.1194618377315634,0.4426229508196721,0.4736842105263157,0.0898152688521912,0.1159445861150259,-0.0328445336013577,-71.89697512000001,46.74534161490684,2024.0,238.5,0.3,0.19,0.11,0.11499999999999999,0.315,1.6400000000000001,1.6400000000000001,22.685000000000002,5.92,0.30500000000000005,63.235,36.765,-6.41,def,2024.0,239.0,94.0,-0.1100906979983711,0.3901377217553688,0.3933054393305439,0.6910873440285205,7.608000169764876,244.0,102.0,0.0744324945942139,0.4097612883080011,0.4180327868852459,0.6403612103006566,6.755571691860619,2024.0,46.0,25.0,0.0,21.0,0.5435,58.0,36.0,0.0,22.0,0.6207,2024.0,996.0,54.0,71.0,125.0,0.1255020080321285,60.0,0.0602409638554216,17.0,1366.0,124.5,7.323529411764706,1866.0,109.76470588235293,9.002362910553884,9.111443199945112,0.0374690483981836,0.0376548000891922,0.01305389528907615,0.013560016123222551,48.5,2.8529411764705883,34.5,2.0294117647058822,151.0,8.882352941176471,def,228.0,8.690157671591624,0.0381147266297878,0.5612244897959183,70.68367346938776,66.66666666666667,0.0,0.0,0.0,0.0,-0.0033972679352763,0.0,-0.1057423049110379,0.087719298245614,45.14074979188699,0.0,-0.0647091356304996,-0.07278784841522375,0.4864690814870406,0.48256274286691436,-0.008078712784724145,-0.0039063386201262495,def,2024.0,66.0,33.0,14.0,2.0,4.714285714285714,2024,0.4202127659574468,1.029126213592233,0.1379310344827586,4.235294117647059,-0.3079407454395111,39.66325759118848,2024,30,-0.1364571913966354,-0.0999023096064518,0.0365548817901836,39.66325759118848,2024,-0.1364571913966354,39.66325759118848,-1.4105907621262728,30,2024,-0.0999023096064518,0.0365548817901836,-0.1364571913966354
2024,NYG,31,-0.1371039894147734,-0.0844666809955072,0.0526373084192662,-0.0262428060725564,0.421455938697318,0.4476987447698745,0.0483870967741936,0.5,0.4516129032258064,-0.1373087305330295,-0.1119065287623529,0.0254022017706767,-0.192499390507904,-0.1048114764030848,0.0876879141048192,-0.0260306669769808,0.0534296028880866,0.0794602698650674,-0.3639006377238872,-0.3238571082680723,0.0400435294558149,0.0401609135725005,-0.0776262703514685,-0.117787183923969,-56.656387640000005,-127.55547706,-70.89908942,-0.8896432719354692,49.754218635363166,48.8645753634277,1385.0,1334.0,5013.0,5898.0,-0.15089358,0.4346570397111913,74.0,-0.001013679765,0.4707646176911544,106.0,0.1756672280187499,-0.0667133759625107,17.618383799335355,2024,1385.0,-0.0844666809955072,-0.15089358,0.4346570397111913,74.0,0.0534296028880866,5013.0,-0.1119065287623529,-0.1048114764030848,0.421455938697318,0.5,-0.3238571082680723,-0.0776262703514685,-0.117787183923969,-127.55547706,49.754218635363166,2024,1334.0,0.0526373084192662,-0.001013679765,0.4707646176911544,106.0,0.0794602698650674,5898.0,0.0254022017706767,0.0876879141048192,0.4476987447698745,0.4516129032258064,0.0400435294558149,0.1756672280187499,-0.0667133759625107,-70.89908942,48.8645753634277,2024.0,238.5,0.28,0.17,0.11,0.095,0.29500000000000004,1.51,1.51,23.73,6.055,0.33499999999999996,62.17,37.83,-4.24,def,2024.0,260.0,93.0,-0.0345992161977029,0.3660142097425835,0.3576923076923077,0.7357658249094235,6.906169325676246,239.0,100.0,0.1184978030295737,0.4180570054705002,0.4184100418410041,0.6351314823200636,6.691085452417632,2024.0,46.0,20.0,0.0,26.0,0.4348,56.0,30.0,0.0,26.0,0.5357,2024.0,1031.0,66.0,80.0,146.0,0.1416100872938894,68.0,0.0659553831231813,17.0,1392.0,109.0,6.411764705882353,1584.5,93.20588235294117,7.786322714781771,7.817065975367834,0.03548412449626205,0.03581931455490665,0.0106668737806699,0.0107783151449265,44.0,2.588235294117647,26.0,1.5294117647058822,210.5,12.382352941176471,def,220.0,15.73025438445733,0.0715011562929878,0.5869565217391305,71.32608695652173,64.27272727272727,0.0,0.0,0.0,0.0,0.4243355699057738,0.0,0.0798342636053541,0.05,49.84791363395483,0.0,-0.1023231091739095,-0.0727396640791677,0.4687467657391321,0.4715076606633972,0.02958344509474175,0.00276089492426505,def,2024.0,24.0,27.0,14.0,0.8888888888888888,1.7142857142857142,2024,0.425287356321839,0.9206349206349206,0.1014492753623188,4.235294117647059,-1.1638834836735823,17.618383799335355,2024,31,-0.1371039894147734,-0.0844666809955072,0.0526373084192662,17.618383799335355,2024,-0.1371039894147734,17.618383799335355,-1.4683217864931706,32,2024,-0.0844666809955072,0.0526373084192662,-0.1371039894147735
2024,CLE,32,-0.1415535854928871,-0.1427261116017852,-0.001172526108898,-0.056126272403672,0.3246268656716418,0.3807531380753138,0.131578947368421,0.5,0.3684210526315789,-0.1748095127487653,-0.1639662066289887,0.0108433061197767,-0.1402926413396363,-0.2052493904926108,-0.0649567491529745,-0.0389619997205258,0.0470914127423822,0.086053412462908,-0.1041821808699346,-0.1355541637751479,-0.0313719829052132,-0.0508942814230247,-0.1912096633480935,-0.1403153819250688,-116.13119116,-169.90143909999998,-53.77024794,-0.6560375870959518,50.91549295774648,50.25945537065053,1444.0,1348.0,5124.0,5816.0,-0.21266255,0.4002770083102493,68.0,-0.1267309999999999,0.43026706231454,116.0,0.0956267994282295,-0.091132832030136,38.66452956209006,2024,1444.0,-0.1427261116017852,-0.21266255,0.4002770083102493,68.0,0.0470914127423822,5124.0,-0.1639662066289887,-0.2052493904926108,0.3246268656716418,0.5,-0.1355541637751479,-0.1912096633480935,-0.1403153819250688,-169.90143909999998,50.91549295774648,2024,1348.0,-0.001172526108898,-0.1267309999999999,0.43026706231454,116.0,0.086053412462908,5816.0,0.0108433061197767,-0.0649567491529745,0.3807531380753138,0.3684210526315789,-0.0313719829052132,0.0956267994282295,-0.091132832030136,-53.77024794,50.25945537065053,2024.0,256.5,0.245,0.16,0.08499999999999999,0.1,0.33999999999999997,1.3599999999999999,1.3599999999999999,21.79,5.68,0.29500000000000004,63.175,36.825,-2.28,def,2024.0,269.0,78.0,-0.3490753444691065,0.2810871846338974,0.2899628252788104,0.7495690391884163,7.800376401760485,235.0,86.0,-0.024620613168103,0.3644357372731075,0.3659574468085106,0.7647047108984825,7.141298532301993,2024.0,40.0,19.0,0.0,21.0,0.475,56.0,34.0,0.0,22.0,0.6071,2024.0,1010.0,70.0,89.0,159.0,0.1574257425742574,78.0,0.0772277227722772,17.0,1425.0,113.5,6.676470588235294,1564.0,92.0,7.968674537230864,7.942607106993362,0.035711447329587545,0.03573609976588715,0.011335592847930249,0.0114889803298876,44.0,2.5882352941176467,24.5,1.4411764705882353,114.0,6.705882352941177,def,228.0,2.1279067648358927,0.0093329244071749,0.5384615384615384,71.42857142857143,66.06741573033707,0.0,0.0,0.0,0.0,-0.0798916219977285,0.0,0.4071954425592259,0.0526315789473684,43.98908129403763,0.0,-0.1314079880999467,-0.0670990623923462,0.4523914132735446,0.5056110496430678,0.0643089257076005,0.0532196363695231,def,2024.0,12.0,25.0,13.0,0.48,0.9230769230769232,2024,0.4050925925925926,0.9393939393939394,0.1492537313432835,4.235294117647059,-0.3467186496384247,38.66452956209006,2024,32,-0.1415535854928871,-0.1427261116017852,-0.001172526108898,38.66452956209006,2024,-0.1415535854928871,38.66452956209006,-1.4647503856221848,31,2024,-0.1427261116017852,-0.001172526108898,-0.1415535854928872
2024,CAR,33,-0.1576288670627595,-0.0404686269438969,0.1171602401188627,-0.1487150876948289,0.3865546218487395,0.5352697095435685,0.0054187192118227,0.4482758620689655,0.4428571428571428,-0.1307810949040604,-0.0305225423404791,0.1002585525635813,-0.2924779780293139,-0.1305770893833333,0.1619008886459807,-0.0280625325668828,0.0580256217030896,0.0860881542699724,-0.0927147765488834,0.0325782953504672,0.1252930718993506,-0.0065384605456391,-0.0431817220823795,-0.0366432615367403,-27.237323610000004,-102.15608226,-74.91875865,-4.097384114936297,48.57987711213518,44.48249299719888,1327.0,1452.0,5068.0,6883.0,-0.081500694,0.4498869630746043,77.0,0.040469706,0.512396694214876,125.0,0.2020635505343307,0.1004496073939625,54.87699205175403,2024,1327.0,-0.0404686269438969,-0.081500694,0.4498869630746043,77.0,0.0580256217030896,5068.0,-0.0305225423404791,-0.1305770893833333,0.3865546218487395,0.4482758620689655,0.0325782953504672,-0.0431817220823795,-0.0366432615367403,-102.15608226,48.57987711213518,2024,1452.0,0.1171602401188627,0.040469706,0.512396694214876,125.0,0.0860881542699724,6883.0,0.1002585525635813,0.1619008886459807,0.5352697095435685,0.4428571428571428,0.1252930718993506,0.2020635505343307,0.1004496073939625,-74.91875865,44.48249299719888,2024.0,240.0,0.34,0.22,0.12,0.09,0.255,1.88,1.88,25.38,6.0649999999999995,0.37,62.835,37.165,-4.67,def,2024.0,238.0,83.0,-0.184177571562786,0.3445719841481087,0.3487394957983193,0.7636541418980866,6.82656781415432,241.0,120.0,0.2651895917243911,0.4967382530963846,0.4979253112033195,0.6477452910411389,6.152696064028244,2024.0,52.0,31.0,0.0,21.0,0.5962,79.0,51.0,0.0,28.0,0.6456,2024.0,1131.0,83.0,105.0,188.0,0.1662245800176834,66.0,0.0583554376657824,17.0,1423.5,119.0,7.0,1755.5,103.26470588235293,8.379442039648172,8.369768801740591,0.0309166038031288,0.03093007655158695,0.016708829608135148,0.0171313487505083,41.5,2.4411764705882355,29.5,1.7352941176470589,171.0,10.058823529411764,def,247.0,16.00202945268172,0.0647855443428409,0.5892857142857143,71.07142857142857,68.02702702702703,0.0,0.0,0.0,0.0,0.3230726363085804,0.0,0.4432098136187111,0.0728744939271255,45.02132904703122,0.0,-0.12040261661081796,-0.11504718748778639,0.4426041291003588,0.4547625057366971,0.005355429123031552,0.0121583766363382,def,2024.0,36.0,26.0,14.0,1.3846153846153846,2.571428571428572,2024,0.4339622641509434,1.0388349514563109,0.173076923076923,3.882352941176471,0.2827673554957251,54.87699205175403,2024,33,-0.1576288670627595,-0.0404686269438969,0.1171602401188627,54.87699205175403,2024,-0.1576288670627595,54.87699205175403,-1.5906551535531002,33,2024,-0.0404686269438969,0.1171602401188627,-0.1576288670627597
