week,team,st_plays,st_epa,st_epa_per_play,ko_plays,ko_tb_rate,ko_opp_start_yd100,punt_plays,punt_opp_start_yd100,ret_plays,ret_epa,ret_epa_against,fg_att,fg_made,fg_pct,fg_epa_per_att,xp_att,xp_made,xp_pct,xp_epa_per_att,st_pen_rate
1,ARI,13,6.92827517512779,0.5329442442405992,7,0.42857142857142855,81.28571428571429,2,80.0,0,0.0,0.0,2,0,0.0,3.464137587563895,2,0,0.0,3.464137587563895,0.07692307692307693
1,ATL,12,0.9092869736358679,0.07577391446965566,6,0.6666666666666666,70.33333333333333,4,70.5,0,0.0,0.0,1,0,0.0,0.9092869736358679,1,0,0.0,0.9092869736358679,0.16666666666666666
1,BAL,13,-0.4686644286486201,-0.0360511098960477,6,1.0,70.0,2,47.5,0,0.0,0.0,3,0,0.0,-0.15622147621620672,2,0,0.0,-0.23433221432431006,0.0
1,BUF,14,5.123381202276709,0.3659558001626221,6,0.6666666666666666,76.0,2,59.5,0,0.0,0.0,2,0,0.0,2.5616906011383547,4,0,0.0,1.2808453005691773,0.07142857142857142
1,CAR,17,-1.7292665392796351,-0.10172156113409618,10,0.1,71.9,5,74.4,0,0.0,0.0,1,0,0.0,-1.7292665392796351,1,0,0.0,-1.7292665392796351,0.058823529411764705
1,CHI,14,-1.4131002305329374,-0.10093573075235267,4,0.5,79.33333333333333,6,57.0,0,0.0,0.0,3,0,0.0,-0.47103341017764583,1,0,0.0,-1.4131002305329374,0.21428571428571427
1,CIN,10,3.802936829132798,0.3802936829132798,4,1.0,70.0,4,72.5,0,0.0,0.0,1,0,0.0,3.802936829132798,1,0,0.0,3.802936829132798,0.2
1,CLE,18,0.8349485247798347,0.046386029154435265,8,0.5,71.375,7,77.0,0,0.0,0.0,1,0,0.0,0.8349485247798347,2,0,0.0,0.41747426238991736,0.16666666666666666
1,DAL,17,4.892132170357211,0.2877724806092477,4,0.75,69.25,6,69.83333333333333,0,0.0,0.0,4,0,0.0,1.2230330425893028,3,0,0.0,1.6307107234524036,0.11764705882352941
1,DEN,20,10.271242583931691,0.5135621291965846,8,0.625,69.375,8,63.0,0,0.0,0.0,3,0,0.0,3.4237475279772305,1,0,0.0,10.271242583931691,0.0
1,DET,14,2.1840770262494953,0.15600550187496395,6,1.0,70.0,4,64.25,0,0.0,0.0,2,0,0.0,1.0920385131247476,2,0,0.0,1.0920385131247476,0.07142857142857142
1,GB,14,-0.481832193034883,-0.03441658521677736,6,0.8333333333333334,72.33333333333333,2,58.0,0,0.0,0.0,4,0,0.0,-0.12045804825872075,2,0,0.0,-0.2409160965174415,0.07142857142857142
1,HOU,12,2.607710065520684,0.21730917212672365,5,1.0,70.0,2,85.5,0,0.0,0.0,3,0,0.0,0.8692366885068946,2,0,0.0,1.303855032760342,0.0
1,IND,13,3.8611030921349263,0.2970079301642251,7,0.42857142857142855,74.14285714285714,3,65.33333333333333,0,0.0,0.0,0,0,0.0,0.0,3,0,0.0,1.2870343640449755,0.0
1,JAX,13,4.475631695116132,0.34427936116277935,4,0.5,79.75,6,69.5,0,0.0,0.0,1,0,0.0,4.475631695116132,2,0,0.0,2.237815847558066,0.0
1,KC,13,-0.00472783974383395,-0.00036367998029491924,5,0.6,69.2,3,51.333333333333336,0,0.0,0.0,2,0,0.0,-0.002363919871916975,3,0,0.0,-0.0015759465812779834,0.07692307692307693
1,LA,12,-0.16885486874659117,-0.014071239062215931,5,0.8,71.6,3,77.0,0,0.0,0.0,2,0,0.0,-0.08442743437329558,2,0,0.0,-0.08442743437329558,0.0
1,LAC,14,-1.7461465035870245,-0.12472475025621603,3,0.6666666666666666,68.0,7,64.0,0,0.0,0.0,3,0,0.0,-0.5820488345290081,1,0,0.0,-1.7461465035870245,0.0
1,LV,14,-4.006514956145209,-0.2861796397246578,6,0.8333333333333334,69.5,5,63.8,0,0.0,0.0,2,0,0.0,-2.0032574780726047,1,0,0.0,-4.006514956145209,0.0
1,MIA,12,-0.42574543299276546,-0.03547878608273045,3,1.0,70.0,4,62.75,0,0.0,0.0,3,0,0.0,-0.1419151443309218,2,0,0.0,-0.21287271649638273,0.08333333333333333
1,MIN,11,-1.6290068015784112,-0.1480915274162192,3,1.0,70.0,4,62.0,0,0.0,0.0,0,0,0.0,0.0,4,0,0.0,-0.4072517003946028,0.18181818181818182
1,NE,12,8.674688467211034,0.7228907056009195,3,0.6666666666666666,70.0,5,62.8,0,0.0,0.0,3,0,0.0,2.891562822403678,1,0,0.0,8.674688467211034,0.0
1,NO,13,3.082103009573605,0.2370848468902773,2,0.0,63.5,2,60.5,0,0.0,0.0,4,0,0.0,0.7705257523934013,5,0,0.0,0.616420601914721,0.15384615384615385
1,NYG,13,6.112127854661201,0.47016368112778467,5,0.8,70.4,6,64.5,0,0.0,0.0,2,0,0.0,3.0560639273306003,0,0,0.0,0.0,0.07692307692307693
1,NYJ,13,2.3003831888641675,0.17695255298955134,9,0.6666666666666666,74.44444444444444,3,66.0,0,0.0,0.0,0,0,0.0,0.0,1,0,0.0,2.3003831888641675,0.0
1,PHI,15,3.310571554025798,0.22070477026838653,7,0.7142857142857143,73.0,2,67.0,0,0.0,0.0,2,0,0.0,1.655285777012899,4,0,0.0,0.8276428885064495,0.0
1,PIT,12,6.6300228743569525,0.5525019061964127,3,1.0,70.0,3,72.33333333333333,0,0.0,0.0,6,0,0.0,1.1050038123928254,0,0,0.0,0.0,0.0
1,SEA,14,1.2781292334833745,0.09129494524881246,5,0.4,73.4,5,75.6,0,0.0,0.0,2,0,0.0,0.6390646167416872,2,0,0.0,0.6390646167416872,0.0
1,SF,13,7.1879759116502715,0.5529212239730978,4,1.0,70.0,1,84.0,0,0.0,0.0,6,0,0.0,1.1979959852750452,2,0,0.0,3.5939879558251357,0.0
1,TB,12,6.07177799033895,0.5059814991949125,4,0.25,73.0,1,78.0,0,0.0,0.0,3,0,0.0,2.02392599677965,4,0,0.0,1.5179444975847376,0.08333333333333333
1,TEN,15,-4.474422149182879,-0.29829480994552526,6,0.16666666666666666,73.33333333333333,6,72.66666666666667,0,0.0,0.0,1,0,0.0,-4.474422149182879,2,0,0.0,-2.2372110745914395,0.06666666666666667
1,WAS,15,-5.360697304153838,-0.35737982027692256,8,0.75,70.75,3,65.0,0,0.0,0.0,2,0,0.0,-2.680348652076919,2,0,0.0,-2.680348652076919,0.06666666666666667
2,ARI,11,4.874400401004506,0.4431273091822278,3,1.0,70.0,1,77.0,0,0.0,0.0,2,0,0.0,2.437200200502253,5,0,0.0,0.9748800802009011,0.0
2,ATL,11,0.7939504413305645,0.07217731284823313,5,0.8,71.2,2,70.5,0,0.0,0.0,3,0,0.0,0.26465014711018814,1,0,0.0,0.7939504413305645,0.09090909090909091
2,BAL,17,-0.4982168616007536,-0.029306874211809036,7,0.7142857142857143,72.28571428571429,4,76.75,0,0.0,0.0,4,0,0.0,-0.1245542154001884,2,0,0.0,-0.2491084308003768,0.058823529411764705
2,BUF,12,-2.409585527575686,-0.2007987939646405,3,0.6666666666666666,70.66666666666667,3,58.666666666666664,0,0.0,0.0,2,0,0.0,-1.204792763787843,4,0,0.0,-0.6023963818939215,0.08333333333333333
2,CAR,14,0.2526233934060014,0.01804452810042867,6,0.3333333333333333,71.66666666666667,7,68.28571428571429,0,0.0,0.0,1,0,0.0,0.2526233934060014,0,0,0.0,0.0,0.14285714285714285
2,CHI,15,5.510092891665178,0.3673395261110119,6,0.6666666666666666,72.16666666666667,6,70.16666666666667,0,0.0,0.0,2,0,0.0,2.755046445832589,1,0,0.0,5.510092891665178,0.06666666666666667
2,CIN,13,3.295033768755064,0.2534641360580819,5,0.6,70.8,2,69.5,0,0.0,0.0,4,0,0.0,0.823758442188766,2,0,0.0,1.647516884377532,0.0
2,CLE,14,5.6322435363907495,0.4023031097421964,5,0.6,68.0,5,53.8,0,0.0,0.0,3,0,0.0,1.87741451213025,1,0,0.0,5.6322435363907495,0.07142857142857142
2,DAL,14,5.692508847948078,0.40660777485343413,8,0.375,75.5,1,64.0,0,0.0,0.0,4,0,0.0,1.4231272119870195,1,0,0.0,5.692508847948078,0.0
2,DEN,11,4.349128236941451,0.39537529426740464,3,1.0,70.0,6,67.83333333333333,0,0.0,0.0,2,0,0.0,2.1745641184707254,0,0,0.0,0.0,0.09090909090909091
2,DET,11,0.658709907821655,0.059882718892877725,5,0.4,72.0,2,44.5,0,0.0,0.0,3,0,0.0,0.21956996927388497,1,0,0.0,0.658709907821655,0.0
2,GB,11,2.596351424424456,0.23603194767495053,3,0.6666666666666666,65.66666666666667,3,56.0,0,0.0,0.0,4,0,0.0,0.649087856106114,1,0,0.0,2.596351424424456,0.0
2,HOU,15,8.068039879085383,0.5378693252723589,4,0.25,76.5,6,71.33333333333333,0,0.0,0.0,4,0,0.0,2.0170099697713457,1,0,0.0,8.068039879085383,0.2
2,IND,11,-1.2319536594539544,-0.11199578722308677,5,1.0,70.0,3,64.66666666666667,0,0.0,0.0,2,0,0.0,-0.6159768297269772,1,0,0.0,-1.2319536594539544,0.0
2,JAX,12,-2.305682104408364,-0.1921401753673637,5,0.8,72.0,3,72.33333333333333,0,0.0,0.0,3,0,0.0,-0.7685607014694548,1,0,0.0,-2.305682104408364,0.0
2,KC,13,3.7345689705665865,0.2872745361974297,7,1.0,70.0,2,60.0,0,0.0,0.0,2,0,0.0,1.8672844852832933,2,0,0.0,1.8672844852832933,0.0
2,LA,14,4.1585777217070845,0.2970412658362203,8,0.875,72.5,4,68.0,0,0.0,0.0,1,0,0.0,4.1585777217070845,1,0,0.0,4.1585777217070845,0.0
2,LAC,10,0.045538161095982854,0.004553816109598286,2,0.5,76.0,3,49.333333333333336,0,0.0,0.0,2,0,0.0,0.022769080547991427,3,0,0.0,0.015179387031994285,0.2
2,LV,15,5.878837261003435,0.39192248406689567,6,0.6666666666666666,70.66666666666667,3,66.0,0,0.0,0.0,4,0,0.0,1.4697093152508587,2,0,0.0,2.9394186305017174,0.06666666666666667
2,MIA,9,2.4436090042752414,0.2715121115861379,6,1.0,70.0,1,63.0,0,0.0,0.0,1,0,0.0,2.4436090042752414,1,0,0.0,2.4436090042752414,0.0
2,MIN,12,2.080136666031421,0.1733447221692851,4,0.75,67.0,3,65.0,0,0.0,0.0,3,0,0.0,0.6933788886771404,2,0,0.0,1.0400683330157106,0.0
2,NE,16,-1.1135081222907783,-0.06959425764317365,5,1.0,70.0,6,69.66666666666667,0,0.0,0.0,3,0,0.0,-0.37116937409692613,2,0,0.0,-0.5567540611453892,0.0
2,NO,13,0.5097917297482104,0.03921474844217003,5,1.0,70.0,1,61.0,0,0.0,0.0,1,0,0.0,0.5097917297482104,6,0,0.0,0.0849652882913684,0.07692307692307693
2,NYG,10,0.8061879186285172,0.08061879186285173,7,0.14285714285714285,74.0,2,55.5,0,0.0,0.0,0,0,0.0,0.0,1,0,0.0,0.8061879186285172,0.1
2,NYJ,13,1.3230310610780491,0.10177162008292685,3,0.3333333333333333,69.33333333333333,6,69.33333333333333,0,0.0,0.0,1,0,0.0,1.3230310610780491,3,0,0.0,0.44101035369268304,0.0
2,PHI,11,1.76658127931403,0.16059829811945728,6,0.8333333333333334,69.5,2,58.5,0,0.0,0.0,2,0,0.0,0.883290639657015,1,0,0.0,1.76658127931403,0.0
2,PIT,14,3.823085028285359,0.2730775020203828,3,0.6666666666666666,75.33333333333333,8,66.75,0,0.0,0.0,2,0,0.0,1.9115425141426794,1,0,0.0,3.823085028285359,0.14285714285714285
2,SEA,15,2.0952565087942676,0.13968376725295117,5,0.8,70.4,5,73.2,0,0.0,0.0,3,0,0.0,0.6984188362647559,2,0,0.0,1.0476282543971338,0.0
2,SF,11,-4.348554798064848,-0.3953231634604407,5,0.8,72.0,3,56.333333333333336,0,0.0,0.0,1,0,0.0,-4.348554798064848,2,0,0.0,-2.174277399032424,0.18181818181818182
2,TB,14,0.9300007020680388,0.06642862157628848,5,1.0,70.0,5,73.6,0,0.0,0.0,2,0,0.0,0.4650003510340194,2,0,0.0,0.4650003510340194,0.0
2,TEN,13,-0.35146366725260325,-0.027035666711738713,5,0.6,71.0,5,70.0,0,0.0,0.0,1,0,0.0,-0.35146366725260325,2,0,0.0,-0.17573183362630163,0.0
2,WAS,11,3.2891180409942553,0.2990107309994778,4,0.5,77.0,0,,0,0.0,0.0,7,0,0.0,0.46987400585632216,0,0,0.0,0.0,0.18181818181818182
3,ARI,12,0.6522320127074593,0.05435266772562161,4,1.0,70.0,5,72.0,0,0.0,0.0,2,0,0.0,0.32611600635372967,1,0,0.0,0.6522320127074593,0.0
3,ATL,12,1.3387221013290835,0.11156017511075696,6,0.6666666666666666,69.83333333333333,3,68.33333333333333,0,0.0,0.0,1,0,0.0,1.3387221013290835,2,0,0.0,0.6693610506645418,0.08333333333333333
3,BAL,15,-6.385081694642212,-0.42567211297614743,6,0.3333333333333333,65.83333333333333,4,55.75,0,0.0,0.0,1,0,0.0,-6.385081694642212,4,0,0.0,-1.596270423660553,0.06666666666666667
3,BUF,12,0.5327850697388423,0.04439875581157019,3,0.6666666666666666,69.33333333333333,1,66.0,0,0.0,0.0,2,0,0.0,0.26639253486942116,6,0,0.0,0.08879751162314038,0.08333333333333333
3,CAR,14,3.055950925518239,0.2182822089655885,4,0.25,67.0,4,64.25,0,0.0,0.0,3,0,0.0,1.0186503085060796,3,0,0.0,1.0186503085060796,0.07142857142857142
3,CHI,10,-2.6225167327914525,-0.2622516732791452,4,0.75,70.25,3,61.333333333333336,0,0.0,0.0,2,0,0.0,-1.3112583663957262,1,0,0.0,-2.6225167327914525,0.0
3,CIN,13,-2.0841780649201525,-0.1603213896092425,7,0.2857142857142857,72.28571428571429,0,,0,0.0,0.0,3,0,0.0,-0.6947260216400508,3,0,0.0,-0.6947260216400508,0.0
3,CLE,12,1.9638233292322584,0.1636519441026882,4,1.0,70.0,6,63.666666666666664,0,0.0,0.0,1,0,0.0,1.9638233292322584,1,0,0.0,1.9638233292322584,0.0
3,DAL,12,4.2769689106366515,0.3564140758863876,5,0.6,76.2,4,69.75,0,0.0,0.0,2,0,0.0,2.1384844553183258,1,0,0.0,4.2769689106366515,0.08333333333333333
3,DEN,10,3.4752630484797753,0.34752630484797753,2,1.0,70.0,2,75.0,0,0.0,0.0,4,0,0.0,0.8688157621199438,2,0,0.0,1.7376315242398876,0.0
3,DET,11,0.9225058003105183,0.08386416366459258,3,1.0,70.0,5,55.4,0,0.0,0.0,0,0,0.0,0.0,3,0,0.0,0.30750193343683946,0.09090909090909091
3,GB,14,-0.19676424441079243,-0.014054588886485173,3,1.0,70.0,5,59.6,0,0.0,0.0,3,0,0.0,-0.06558808147026414,3,0,0.0,-0.06558808147026414,0.0
3,HOU,13,-4.644708509668224,-0.35728526997447874,7,0.8571428571428571,70.71428571428571,4,57.25,0,0.0,0.0,1,0,0.0,-4.644708509668224,1,0,0.0,-4.644708509668224,0.0
3,IND,12,1.3531698488988875,0.1127641540749073,4,0.75,71.0,5,63.4,0,0.0,0.0,0,0,0.0,0.0,3,0,0.0,0.4510566162996292,0.0
3,JAX,13,1.8242191278735373,0.14032454829796442,9,0.8888888888888888,70.33333333333333,2,69.5,0,0.0,0.0,1,0,0.0,1.8242191278735373,1,0,0.0,1.8242191278735373,0.0
3,KC,12,-0.09012715296918639,-0.007510596080765532,4,0.5,73.0,3,69.66666666666667,0,0.0,0.0,3,0,0.0,-0.030042384323062127,2,0,0.0,-0.04506357648459319,0.08333333333333333
3,LA,13,0.8829803430420073,0.06792156484938518,5,1.0,70.0,3,56.333333333333336,0,0.0,0.0,2,0,0.0,0.44149017152100367,3,0,0.0,0.29432678101400245,0.0
3,LAC,14,1.4287518877813414,0.10205370627009581,5,0.6,75.6,7,72.28571428571429,0,0.0,0.0,1,0,0.0,1.4287518877813414,1,0,0.0,1.4287518877813414,0.07142857142857142
3,LV,16,-1.7811342923504252,-0.11132089327190157,8,0.625,71.75,5,64.2,0,0.0,0.0,1,0,0.0,-1.7811342923504252,2,0,0.0,-0.8905671461752126,0.1875
3,MIA,13,-2.6786584858480933,-0.20605065275754564,5,0.4,69.8,6,63.833333333333336,0,0.0,0.0,2,0,0.0,-1.3393292429240466,0,0,0.0,0.0,0.15384615384615385
3,MIN,12,4.762718616005309,0.39689321800044247,2,0.0,86.0,4,71.0,0,0.0,0.0,2,0,0.0,2.3813593080026547,4,0,0.0,1.1906796540013274,0.08333333333333333
3,NE,11,2.1518035809489566,0.19561850735899605,5,0.8,71.2,5,61.8,0,0.0,0.0,1,0,0.0,2.1518035809489566,0,0,0.0,0.0,0.0
3,NO,9,0.276174789227301,0.030686087691922333,3,1.0,70.0,4,55.5,0,0.0,0.0,2,0,0.0,0.1380873946136505,0,0,0.0,0.0,0.0
3,NYG,14,-8.99699514323163,-0.6426425102308306,3,0.3333333333333333,73.33333333333333,7,64.71428571428571,0,0.0,0.0,1,0,0.0,-8.99699514323163,3,0,0.0,-2.9989983810772096,0.0
3,NYJ,10,-4.882111534671656,-0.48821115346716565,2,0.5,70.0,3,56.0,0,0.0,0.0,2,0,0.0,-2.441055767335828,3,0,0.0,-1.6273705115572188,0.2
3,PHI,8,-6.768002087751148,-0.8460002609688935,4,0.25,73.0,2,64.0,0,0.0,0.0,1,0,0.0,-6.768002087751148,1,0,0.0,-6.768002087751148,0.0
3,PIT,11,2.4324060758152055,0.22112782507410958,3,1.0,70.0,3,74.66666666666667,0,0.0,0.0,3,0,0.0,0.8108020252717352,2,0,0.0,1.2162030379076028,0.0
3,SEA,11,-1.193309240196177,-0.10848265819965244,2,0.0,70.5,4,62.25,0,0.0,0.0,2,0,0.0,-0.5966546200980885,3,0,0.0,-0.39776974673205895,0.09090909090909091
3,SF,13,-3.8148441903863803,-0.29344955310664467,6,1.0,70.0,2,57.5,0,0.0,0.0,2,0,0.0,-1.9074220951931902,3,0,0.0,-1.2716147301287934,0.0
3,TB,12,1.745162956810042,0.14543024640083682,7,0.7142857142857143,71.42857142857143,4,61.0,0,0.0,0.0,0,0,0.0,0.0,1,0,0.0,1.745162956810042,0.08333333333333333
3,TEN,12,1.589025825350448,0.132418818779204,6,0.5,70.33333333333333,4,74.25,0,0.0,0.0,0,0,0.0,0.0,2,0,0.0,0.794512912675224,0.16666666666666666
3,WAS,13,6.752313161865706,0.5194087047589004,7,0.5714285714285714,68.71428571428571,0,,0,0.0,0.0,1,0,0.0,6.752313161865706,5,0,0.0,1.3504626323731412,0.07692307692307693
4,ARI,13,1.7052616290288638,0.13117397146375875,7,0.2857142857142857,71.28571428571429,4,67.75,0,0.0,0.0,0,0,0.0,0.0,2,0,0.0,0.8526308145144319,0.0
4,ATL,14,9.424500437024157,0.6731786026445826,5,0.6,73.6,3,61.666666666666664,0,0.0,0.0,4,0,0.0,2.3561251092560394,2,0,0.0,4.712250218512079,0.0
4,BAL,12,1.5452714961019702,0.12877262467516418,3,1.0,70.0,4,61.5,0,0.0,0.0,0,0,0.0,0.0,5,0,0.0,0.30905429922039407,0.08333333333333333
4,BUF,15,-2.4410240886749683,-0.16273493924499788,6,1.0,70.0,6,66.66666666666667,0,0.0,0.0,2,0,0.0,-1.2205120443374842,1,0,0.0,-2.4410240886749683,0.0
4,CAR,13,3.632261210278016,0.2794047084829243,7,1.0,70.0,2,77.0,0,0.0,0.0,1,0,0.0,3.632261210278016,3,0,0.0,1.2107537367593386,0.0
4,CHI,15,3.4991892772447866,0.23327928514965243,6,0.8333333333333334,70.66666666666667,5,61.4,0,0.0,0.0,1,0,0.0,3.4991892772447866,3,0,0.0,1.1663964257482622,0.06666666666666667
4,CIN,14,4.914577942062175,0.35104128157586967,5,0.0,79.8,3,66.33333333333333,0,0.0,0.0,2,0,0.0,2.4572889710310877,4,0,0.0,1.2286444855155438,0.0
4,CLE,13,0.5463423267566003,0.0420263328274308,5,0.2,74.0,5,68.0,0,0.0,0.0,1,0,0.0,0.5463423267566003,2,0,0.0,0.27317116337830016,0.0
4,DAL,14,2.8316063523761112,0.20225759659829365,6,1.0,70.0,3,68.66666666666667,0,0.0,0.0,3,0,0.0,0.9438687841253705,2,0,0.0,1.4158031761880556,0.14285714285714285
4,DEN,14,-2.038028078849613,-0.14557343420354377,3,1.0,70.0,8,57.875,0,0.0,0.0,2,0,0.0,-1.0190140394248064,1,0,0.0,-2.038028078849613,0.07142857142857142
4,DET,14,2.101272726032761,0.15009090900234007,5,0.8,70.6,3,77.33333333333333,0,0.0,0.0,0,0,0.0,0.0,6,0,0.0,0.3502121210054601,0.07142857142857142
4,GB,14,2.0054260630555976,0.14324471878968553,6,1.0,70.0,3,78.33333333333333,0,0.0,0.0,2,0,0.0,1.0027130315277988,3,0,0.0,0.6684753543518659,0.0
4,HOU,15,1.6701628270265156,0.11134418846843437,5,1.0,70.0,6,60.333333333333336,0,0.0,0.0,1,0,0.0,1.6701628270265156,3,0,0.0,0.5567209423421718,0.0
4,IND,14,-5.001416375916326,-0.3572440268511662,4,1.0,70.0,4,64.0,0,0.0,0.0,3,0,0.0,-1.6671387919721088,3,0,0.0,-1.6671387919721088,0.07142857142857142
4,JAX,14,9.670592261940056,0.6907565901385755,5,0.4,72.4,5,70.0,0,0.0,0.0,2,0,0.0,4.835296130970028,2,0,0.0,4.835296130970028,0.21428571428571427
4,KC,11,0.7277651621198062,0.06616046928361875,3,1.0,70.0,4,60.25,0,0.0,0.0,2,0,0.0,0.3638825810599031,2,0,0.0,0.3638825810599031,0.0
4,LA,11,0.921629952469114,0.08378454113355582,5,1.0,70.0,1,84.0,0,0.0,0.0,5,0,0.0,0.1843259904938228,0,0,0.0,0.0,0.09090909090909091
4,LAC,13,-0.7979176904662908,-0.06137828388202237,4,1.0,70.0,6,81.16666666666667,0,0.0,0.0,2,0,0.0,-0.3989588452331454,1,0,0.0,-0.7979176904662908,0.0
4,LV,12,2.705288289605996,0.22544069080049967,4,0.5,72.0,4,73.5,0,0.0,0.0,2,0,0.0,1.352644144802998,2,0,0.0,1.352644144802998,0.08333333333333333
4,MIA,14,4.774719294042763,0.34105137814591163,7,1.0,70.0,5,77.0,0,0.0,0.0,2,0,0.0,2.3873596470213814,0,0,0.0,0.0,0.14285714285714285
4,MIN,15,0.6158404623310791,0.041056030822071946,5,0.4,69.2,5,58.8,0,0.0,0.0,1,0,0.0,0.6158404623310791,4,0,0.0,0.15396011558276979,0.0
4,NE,14,7.046220118282913,0.5033014370202081,7,0.8571428571428571,70.0,4,57.25,0,0.0,0.0,2,0,0.0,3.5231100591414566,1,0,0.0,7.046220118282913,0.0
4,NO,14,1.875857373316221,0.13398981237973007,7,0.2857142857142857,75.85714285714286,3,50.666666666666664,0,0.0,0.0,1,0,0.0,1.875857373316221,3,0,0.0,0.6252857911054069,0.0
4,NYG,11,4.444492098660774,0.4040447362418886,5,0.2,73.4,1,62.0,0,0.0,0.0,5,0,0.0,0.8888984197321548,0,0,0.0,0.0,0.0
4,NYJ,14,-0.05666162825457244,-0.004047259161040888,3,0.3333333333333333,72.66666666666667,7,71.28571428571429,0,0.0,0.0,4,0,0.0,-0.01416540706364311,0,0,0.0,0.0,0.07142857142857142
4,PHI,14,2.3032225088401654,0.16451589348858325,7,0.8571428571428571,70.42857142857143,5,72.4,0,0.0,0.0,0,0,0.0,0.0,2,0,0.0,1.1516112544200827,0.0
4,PIT,13,0.8766266481810304,0.0674328190908485,6,1.0,70.0,3,50.666666666666664,0,0.0,0.0,1,0,0.0,0.8766266481810304,3,0,0.0,0.2922088827270101,0.0
4,SEA,15,-2.3118895797119716,-0.1541259719807981,8,0.75,73.875,3,49.666666666666664,0,0.0,0.0,1,0,0.0,-2.3118895797119716,3,0,0.0,-0.7706298599039906,0.13333333333333333
4,SF,12,-6.674762529686399,-0.5562302108071999,3,0.6666666666666666,71.33333333333333,3,76.0,0,0.0,0.0,3,0,0.0,-2.2249208432287997,3,0,0.0,-2.2249208432287997,0.0
4,TB,13,3.757054765865398,0.2890042127588768,3,0.6666666666666666,77.66666666666667,4,58.0,0,0.0,0.0,2,0,0.0,1.878527382932699,4,0,0.0,0.9392636914663495,0.0
4,TEN,17,9.28952116680687,0.5464424215768746,5,0.4,64.2,5,56.0,0,0.0,0.0,5,0,0.0,1.8579042333613738,2,0,0.0,4.644760583403435,0.058823529411764705
4,WAS,10,2.3378691896763533,0.23378691896763532,3,1.0,70.0,1,77.0,0,0.0,0.0,2,0,0.0,1.1689345948381766,4,0,0.0,0.5844672974190883,0.0
5,ARI,12,-4.384630254146167,-0.3653858545121806,5,0.6,71.0,2,71.5,0,0.0,0.0,4,0,0.0,-1.0961575635365417,1,0,0.0,-4.384630254146167,0.0
5,ATL,17,-1.2657118616226009,-0.07445363891897652,8,1.0,70.0,1,39.0,0,0.0,0.0,5,0,0.0,-0.2531423723245202,3,0,0.0,-0.42190395387420027,0.0
5,BAL,17,2.6922644577816217,0.15836849751656598,7,0.7142857142857143,73.71428571428571,3,63.333333333333336,0,0.0,0.0,2,0,0.0,1.3461322288908109,5,0,0.0,0.5384528915563244,0.0
5,BUF,16,0.8109578503610757,0.05068486564756723,4,0.75,70.75,8,65.0,0,0.0,0.0,2,0,0.0,0.40547892518053785,2,0,0.0,0.40547892518053785,0.0
5,CAR,14,-0.2169554040522872,-0.015496814575163371,7,0.5714285714285714,68.85714285714286,4,60.75,0,0.0,0.0,2,0,0.0,-0.1084777020261436,1,0,0.0,-0.2169554040522872,0.0
5,CHI,12,-0.10789694956764206,-0.008991412463970172,3,0.0,70.0,4,65.0,0,0.0,0.0,1,0,0.0,-0.10789694956764206,4,0,0.0,-0.026974237391910516,0.0
5,CIN,18,1.2037063861460782,0.06687257700811546,8,0.875,69.625,5,66.8,0,0.0,0.0,1,0,0.0,1.2037063861460782,4,0,0.0,0.30092659653651954,0.0
5,CLE,17,2.806008890783745,0.16505934651669088,7,0.14285714285714285,71.42857142857143,7,69.85714285714286,0,0.0,0.0,2,0,0.0,1.4030044453918724,1,0,0.0,2.806008890783745,0.058823529411764705
5,DAL,10,0.7574787963336775,0.07574787963336775,4,0.75,68.0,1,71.0,0,0.0,0.0,3,0,0.0,0.25249293211122587,2,0,0.0,0.37873939816683877,0.1
5,DEN,16,4.112535456962965,0.2570334660601853,4,0.25,65.0,6,61.0,0,0.0,0.0,2,0,0.0,2.0562677284814823,4,0,0.0,1.0281338642407412,0.0625
5,GB,13,-0.2987326118205711,-0.02297943167850547,4,1.0,70.0,5,68.6,0,0.0,0.0,1,0,0.0,-0.2987326118205711,3,0,0.0,-0.0995775372735237,0.07692307692307693
5,HOU,15,3.176515826392695,0.211767721759513,5,0.8,70.8,5,69.4,0,0.0,0.0,3,0,0.0,1.058838608797565,2,0,0.0,1.5882579131963475,0.06666666666666667
5,IND,18,0.117313224208067,0.006517401344892611,8,0.875,70.125,4,73.25,0,0.0,0.0,2,0,0.0,0.0586566121040335,4,0,0.0,0.02932830605201675,0.0
5,JAX,16,4.244701376723348,0.26529383604520923,7,1.0,70.0,2,60.0,0,0.0,0.0,3,0,0.0,1.4149004589077825,4,0,0.0,1.061175344180837,0.0
5,KC,11,-0.07859543592757623,-0.007145039629779657,3,0.0,81.33333333333333,1,79.0,0,0.0,0.0,5,0,0.0,-0.015719087185515245,2,0,0.0,-0.039297717963788115,0.09090909090909091
5,LA,9,0.5261222912271033,0.05845803235856703,4,0.25,71.5,3,51.333333333333336,0,0.0,0.0,0,0,0.0,0.0,2,0,0.0,0.26306114561355165,0.1111111111111111
5,LV,13,0.6783446774406086,0.05218035980312374,6,0.6666666666666666,72.33333333333333,5,70.2,0,0.0,0.0,1,0,0.0,0.6783446774406086,1,0,0.0,0.6783446774406086,0.07692307692307693
5,MIA,10,-3.5123191647350205,-0.35123191647350205,3,0.6666666666666666,71.33333333333333,3,63.333333333333336,0,0.0,0.0,4,0,0.0,-0.8780797911837551,0,0,0.0,0.0,0.0
5,MIN,13,5.336177242608743,0.41047517250836485,4,1.0,70.0,4,64.0,0,0.0,0.0,3,0,0.0,1.7787257475362477,2,0,0.0,2.6680886213043715,0.07692307692307693
5,NE,14,-3.062002522801582,-0.21871446591439872,5,0.8,72.2,6,65.0,0,0.0,0.0,2,0,0.0,-1.531001261400791,1,0,0.0,-3.062002522801582,0.0
5,NO,13,-1.043411631136066,-0.08026243316431277,7,0.5714285714285714,72.16666666666667,4,70.5,0,0.0,0.0,0,0,0.0,0.0,2,0,0.0,-0.521705815568033,0.0
5,NYG,14,0.16395805461528656,0.011711289615377611,5,0.4,73.4,4,67.25,0,0.0,0.0,3,0,0.0,0.05465268487176219,2,0,0.0,0.08197902730764328,0.0
5,NYJ,15,5.233711842458712,0.3489141228305808,6,0.6666666666666666,70.66666666666667,6,70.5,0,0.0,0.0,1,0,0.0,5.233711842458712,2,0,0.0,2.616855921229356,0.13333333333333333
5,PIT,13,2.52109157697367,0.19393012130566692,5,0.2,72.4,5,61.8,0,0.0,0.0,1,0,0.0,2.52109157697367,2,0,0.0,1.260545788486835,0.07692307692307693
5,SEA,16,-5.080860529125795,-0.3175537830703622,7,0.5714285714285714,71.14285714285714,4,61.75,0,0.0,0.0,3,0,0.0,-1.693620176375265,2,0,0.0,-2.5404302645628976,0.0625
5,SF,12,1.7136396429110388,0.1428033035759199,6,0.8333333333333334,70.5,1,68.0,0,0.0,0.0,3,0,0.0,0.5712132143036796,2,0,0.0,0.8568198214555194,0.0
5,TB,14,6.567915844926596,0.46913684606618544,6,0.3333333333333333,72.83333333333333,2,53.5,0,0.0,0.0,3,0,0.0,2.189305281642199,3,0,0.0,2.189305281642199,0.0
5,WAS,14,-1.225118146806782,-0.08750843905762729,4,0.5,76.75,4,74.0,0,0.0,0.0,2,0,0.0,-0.612559073403391,4,0,0.0,-0.3062795367016955,0.07142857142857142
6,ARI,14,-0.6138983651875445,-0.04384988322768175,7,0.14285714285714285,71.85714285714286,4,67.75,0,0.0,0.0,2,0,0.0,-0.30694918259377224,1,0,0.0,-0.6138983651875445,0.07142857142857142
6,ATL,12,0.9085973808405048,0.0757164484033754,5,0.8,71.2,1,73.0,0,0.0,0.0,3,0,0.0,0.3028657936135016,3,0,0.0,0.3028657936135016,0.0
6,BAL,13,3.145469085865952,0.24195916045122706,6,0.3333333333333333,72.0,1,90.0,0,0.0,0.0,3,0,0.0,1.0484896952886507,3,0,0.0,1.0484896952886507,0.0
6,BUF,12,-4.4857019248844825,-0.37380849374037356,4,0.75,71.75,3,70.33333333333333,0,0.0,0.0,2,0,0.0,-2.2428509624422412,3,0,0.0,-1.4952339749614942,0.08333333333333333
6,CAR,15,0.13079741390156752,0.008719827593437835,8,0.5,72.5,3,64.0,0,0.0,0.0,2,0,0.0,0.06539870695078376,2,0,0.0,0.06539870695078376,0.26666666666666666
6,CHI,12,1.1956452599981517,0.09963710499984597,4,0.75,66.5,2,69.0,0,0.0,0.0,1,0,0.0,1.1956452599981517,5,0,0.0,0.23912905199963036,0.08333333333333333
6,CIN,11,1.6386178131462925,0.14896525574057204,2,0.5,69.5,6,60.166666666666664,0,0.0,0.0,1,0,0.0,1.6386178131462925,2,0,0.0,0.8193089065731463,0.0
6,CLE,14,0.6526380259466971,0.046617001853335505,5,1.0,70.0,4,71.75,0,0.0,0.0,4,0,0.0,0.16315950648667427,1,0,0.0,0.6526380259466971,0.07142857142857142
6,DAL,15,7.737688105343025,0.515845873689535,10,0.6,69.11111111111111,2,75.0,0,0.0,0.0,3,0,0.0,2.5792293684476753,0,0,0.0,0.0,0.06666666666666667
6,DEN,13,2.598106954669737,0.1998543811284413,6,0.8333333333333334,69.33333333333333,5,64.6,0,0.0,0.0,1,0,0.0,2.598106954669737,1,0,0.0,2.598106954669737,0.0
6,DET,13,4.188014863312267,0.322154989485559,4,0.75,75.75,0,,0,0.0,0.0,4,0,0.0,1.0470037158280667,5,0,0.0,0.8376029726624534,0.0
6,GB,12,-1.3563046319824075,-0.11302538599853396,4,0.5,70.5,1,54.0,0,0.0,0.0,3,0,0.0,-0.4521015439941358,4,0,0.0,-0.33907615799560187,0.0
6,HOU,16,-1.0273233449188017,-0.06420770905742511,4,0.75,71.25,4,71.0,0,0.0,0.0,3,0,0.0,-0.3424411149729339,5,0,0.0,-0.20546466898376034,0.125
6,IND,13,0.9642841898652814,0.07417570691271395,4,0.75,70.0,5,63.8,0,0.0,0.0,2,0,0.0,0.4821420949326407,2,0,0.0,0.4821420949326407,0.07692307692307693
6,JAX,12,4.516473069478917,0.37637275578990975,6,0.3333333333333333,73.5,4,61.75,0,0.0,0.0,1,0,0.0,4.516473069478917,1,0,0.0,4.516473069478917,0.0
6,LAC,13,2.6354327772945347,0.20272559825342576,4,0.75,65.75,4,53.0,0,0.0,0.0,3,0,0.0,0.8784775924315116,2,0,0.0,1.3177163886472674,0.07692307692307693
6,LV,13,-4.23468619445141,-0.32574509188087764,8,0.875,70.0,4,65.5,0,0.0,0.0,0,0,0.0,0.0,1,0,0.0,-4.23468619445141,0.0
6,NE,17,1.3042607277909695,0.07672121928182174,8,0.25,77.125,6,69.66666666666667,0,0.0,0.0,0,0,0.0,0.0,3,0,0.0,0.43475357593032316,0.0
6,NO,20,2.6602344036982633,0.13301172018491317,9,0.8888888888888888,70.11111111111111,6,60.5,0,0.0,0.0,2,0,0.0,1.3301172018491316,3,0,0.0,0.8867448012327545,0.0
6,NYG,11,-4.769247746910569,-0.4335679769918699,4,1.0,70.0,4,66.75,0,0.0,0.0,2,0,0.0,-2.3846238734552845,1,0,0.0,-4.769247746910569,0.09090909090909091
6,NYJ,13,-3.315185570503834,-0.25501427465414106,5,0.8,75.0,2,58.0,0,0.0,0.0,4,0,0.0,-0.8287963926259585,2,0,0.0,-1.657592785251917,0.07692307692307693
6,PHI,13,-5.312651104263115,-0.4086654695587012,5,0.4,72.4,3,58.666666666666664,0,0.0,0.0,3,0,0.0,-1.7708837014210383,2,0,0.0,-2.6563255521315576,0.0
6,PIT,12,6.897939006384171,0.5748282505320143,3,0.3333333333333333,68.33333333333333,3,64.0,0,0.0,0.0,4,0,0.0,1.7244847515960426,2,0,0.0,3.4489695031920853,0.0
6,SEA,16,4.199218416370795,0.2624511510231747,8,0.125,77.625,4,67.75,0,0.0,0.0,1,0,0.0,4.199218416370795,3,0,0.0,1.3997394721235983,0.0
6,SF,14,1.8000181689996522,0.128572726357118,4,0.0,74.75,4,57.25,0,0.0,0.0,3,0,0.0,0.6000060563332174,3,0,0.0,0.6000060563332174,0.07142857142857142
6,TB,16,-4.587908887888025,-0.28674430549300156,6,0.0,73.83333333333333,3,80.33333333333333,0,0.0,0.0,1,0,0.0,-4.587908887888025,6,0,0.0,-0.7646514813146709,0.0
6,TEN,13,-0.2799975289418595,-0.021538271457066112,5,1.0,70.0,5,67.6,0,0.0,0.0,1,0,0.0,-0.2799975289418595,2,0,0.0,-0.13999876447092974,0.07692307692307693
6,WAS,16,4.942178058788514,0.3088861286742821,7,0.8571428571428571,69.85714285714286,3,51.666666666666664,0,0.0,0.0,4,0,0.0,1.2355445146971284,2,0,0.0,2.471089029394257,0.0
7,ARI,12,2.1245143002697926,0.17704285835581604,5,0.6,71.8,4,53.0,0,0.0,0.0,1,0,0.0,2.1245143002697926,2,0,0.0,1.0622571501348963,0.0
7,ATL,13,-3.7929647136962257,-0.2917665164381712,7,0.7142857142857143,72.0,3,61.666666666666664,0,0.0,0.0,1,0,0.0,-3.7929647136962257,2,0,0.0,-1.8964823568481128,0.0
7,BAL,15,1.616035176556787,0.10773567843711913,6,0.3333333333333333,67.33333333333333,2,52.5,0,0.0,0.0,2,0,0.0,0.8080175882783935,5,0,0.0,0.3232070353113574,0.0
7,BUF,14,0.21704192678403844,0.01550299477028846,3,0.6666666666666666,76.0,5,62.2,0,0.0,0.0,2,0,0.0,0.10852096339201922,4,0,0.0,0.05426048169600961,0.14285714285714285
7,CAR,15,0.5817038497630951,0.03878025665087301,9,0.3333333333333333,71.44444444444444,5,69.0,0,0.0,0.0,0,0,0.0,0.0,1,0,0.0,0.5817038497630951,0.06666666666666667
7,CIN,15,3.3551411214571214,0.2236760747638081,3,0.3333333333333333,75.66666666666667,8,61.25,0,0.0,0.0,1,0,0.0,3.3551411214571214,3,0,0.0,1.1183803738190405,0.0
7,CLE,13,-5.185415356802174,-0.398878104369398,4,0.5,77.0,7,67.85714285714286,0,0.0,0.0,1,0,0.0,-5.185415356802174,1,0,0.0,-5.185415356802174,0.07692307692307693
7,DEN,13,4.6444895345048005,0.3572684257311385,3,0.0,76.66666666666667,3,66.66666666666667,0,0.0,0.0,4,0,0.0,1.1611223836262001,3,0,0.0,1.5481631781682668,0.0
7,DET,16,2.5782165734125524,0.16113853583828452,7,1.0,70.0,4,63.75,0,0.0,0.0,1,0,0.0,2.5782165734125524,4,0,0.0,0.6445541433531381,0.0
7,GB,15,3.797368769007885,0.253157917933859,6,0.5,77.83333333333333,5,79.2,0,0.0,0.0,1,0,0.0,3.797368769007885,3,0,0.0,1.265789589669295,0.13333333333333333
7,HOU,14,11.337030128840903,0.8097878663457788,4,0.75,66.75,6,60.166666666666664,0,0.0,0.0,3,0,0.0,3.7790100429469677,1,0,0.0,11.337030128840903,0.07142857142857142
7,IND,14,-0.25951352089537927,-0.018536680063955664,3,0.6666666666666666,70.33333333333333,7,75.28571428571429,0,0.0,0.0,3,0,0.0,-0.08650450696512642,1,0,0.0,-0.25951352089537927,0.07142857142857142
7,JAX,10,1.182557946511479,0.11825579465114791,4,0.75,69.5,2,44.5,0,0.0,0.0,1,0,0.0,1.182557946511479,3,0,0.0,0.394185982170493,0.0
7,KC,11,4.154720754422984,0.3777018867657258,4,0.25,67.25,3,76.33333333333333,0,0.0,0.0,0,0,0.0,0.0,4,0,0.0,1.038680188605746,0.09090909090909091
7,LA,15,-6.725320443896944,-0.4483546962597963,5,1.0,70.0,6,57.333333333333336,0,0.0,0.0,1,0,0.0,-6.725320443896944,3,0,0.0,-2.2417734812989814,0.06666666666666667
7,LAC,10,5.771248602760668,0.5771248602760668,3,1.0,70.0,2,54.5,0,0.0,0.0,5,0,0.0,1.1542497205521336,0,0,0.0,0.0,0.0
7,LV,13,1.234743929576433,0.09498030227511024,4,1.0,70.0,4,64.25,0,0.0,0.0,5,0,0.0,0.24694878591528663,0,0,0.0,0.0,0.0
7,MIA,13,-1.961721580137922,-0.1509016600106094,4,0.75,71.75,6,65.5,0,0.0,0.0,2,0,0.0,-0.980860790068961,1,0,0.0,-1.961721580137922,0.0
7,MIN,14,2.45813015742615,0.1755807255304393,6,0.6666666666666666,71.83333333333333,3,66.66666666666667,0,0.0,0.0,3,0,0.0,0.81937671914205,2,0,0.0,1.229065078713075,0.07142857142857142
7,NE,12,-2.7709551982240885,-0.2309129331853407,6,0.8333333333333334,74.5,4,61.75,0,0.0,0.0,1,0,0.0,-2.7709551982240885,1,0,0.0,-2.7709551982240885,0.0
7,NO,16,-2.347822505390188,-0.14673890658688676,8,0.375,73.375,6,60.666666666666664,0,0.0,0.0,1,0,0.0,-2.347822505390188,1,0,0.0,-2.347822505390188,0.0625
7,NYG,17,3.6865955354501847,0.2168585609088344,5,1.0,70.0,11,66.0,0,0.0,0.0,1,0,0.0,3.6865955354501847,0,0,0.0,0.0,0.11764705882352941
7,NYJ,14,-5.069702834948043,-0.36212163106771733,8,0.375,73.85714285714286,4,72.5,0,0.0,0.0,1,0,0.0,-5.069702834948043,1,0,0.0,-5.069702834948043,0.0
7,PHI,14,0.1766239574083972,0.012615996957742657,2,1.0,70.0,8,72.0,0,0.0,0.0,0,0,0.0,0.0,4,0,0.0,0.0441559893520993,0.07142857142857142
7,PIT,14,3.3394203819751427,0.23853002728393877,3,1.0,70.0,4,58.25,0,0.0,0.0,3,0,0.0,1.1131401273250476,4,0,0.0,0.8348550954937857,0.0
7,SEA,13,3.3933278413044126,0.2610252185618779,3,0.3333333333333333,81.0,4,53.5,0,0.0,0.0,2,0,0.0,1.6966639206522063,4,0,0.0,0.8483319603261031,0.0
7,SF,12,0.7796794486333689,0.06497328738611408,5,0.8,69.0,4,61.25,0,0.0,0.0,2,0,0.0,0.38983972431668446,1,0,0.0,0.7796794486333689,0.0
7,TB,14,1.2975460475951492,0.09268186054251067,8,1.0,70.0,2,65.5,0,0.0,0.0,2,0,0.0,0.6487730237975746,2,0,0.0,0.6487730237975746,0.0
7,TEN,14,1.3364977798379631,0.09546412713128308,7,0.7142857142857143,70.14285714285714,5,72.0,0,0.0,0.0,1,0,0.0,1.3364977798379631,1,0,0.0,1.3364977798379631,0.0
7,WAS,11,3.8564450819180145,0.3505859165380013,2,0.5,64.5,1,51.0,0,0.0,0.0,4,0,0.0,0.9641112704795036,4,0,0.0,0.9641112704795036,0.0
8,ARI,14,4.545520392197714,0.32468002801412243,7,0.8571428571428571,70.71428571428571,3,58.0,0,0.0,0.0,2,0,0.0,2.272760196098857,2,0,0.0,2.272760196098857,0.0
8,ATL,14,-3.00915699814602,-0.21493978558185858,5,0.6,70.4,3,56.666666666666664,0,0.0,0.0,2,0,0.0,-1.50457849907301,4,0,0.0,-0.752289249536505,0.0
8,BAL,16,-2.791702341260253,-0.1744813963287658,7,0.14285714285714285,75.28571428571429,4,75.0,0,0.0,0.0,2,0,0.0,-1.3958511706301264,3,0,0.0,-0.930567447086751,0.125
8,BUF,11,3.4954020839339495,0.3177638258121772,3,0.3333333333333333,70.0,3,67.33333333333333,0,0.0,0.0,1,0,0.0,3.4954020839339495,4,0,0.0,0.8738505209834874,0.18181818181818182
8,CAR,12,3.201601843729052,0.26680015364408766,5,1.0,70.0,5,77.4,0,0.0,0.0,0,0,0.0,0.0,2,0,0.0,1.600800921864526,0.08333333333333333
8,CHI,13,1.0271955315116306,0.07901504088551005,5,0.4,70.4,7,62.714285714285715,0,0.0,0.0,0,0,0.0,0.0,1,0,0.0,1.0271955315116306,0.07692307692307693
8,CIN,12,-1.1268994062258604,-0.09390828385215504,8,0.75,72.625,0,,0,0.0,0.0,2,0,0.0,-0.5634497031129302,2,0,0.0,-0.5634497031129302,0.0
8,CLE,13,3.7329549792201386,0.28715038301693374,5,0.4,71.0,3,64.33333333333333,0,0.0,0.0,3,0,0.0,1.2443183264067128,2,0,0.0,1.8664774896100693,0.0
8,DAL,15,0.5869813765642298,0.03913209177094865,7,0.14285714285714285,75.0,4,61.0,0,0.0,0.0,1,0,0.0,0.5869813765642298,3,0,0.0,0.19566045885474326,0.2
8,DEN,10,3.108582865536251,0.3108582865536251,3,0.6666666666666666,64.33333333333333,3,54.666666666666664,0,0.0,0.0,0,0,0.0,0.0,4,0,0.0,0.7771457163840627,0.1
8,DET,16,8.670422330376462,0.5419013956485289,3,0.6666666666666666,79.0,5,73.4,0,0.0,0.0,1,0,0.0,8.670422330376462,7,0,0.0,1.2386317614823519,0.0
8,GB,17,2.3049419314489445,0.13558481949699674,6,1.0,70.0,5,66.2,0,0.0,0.0,3,0,0.0,0.7683139771496482,3,0,0.0,0.7683139771496482,0.0
8,HOU,16,2.3953132080006085,0.14970707550003803,5,0.6,69.5,6,57.833333333333336,0,0.0,0.0,3,0,0.0,0.7984377360002028,2,0,0.0,1.1976566040003043,0.0625
8,IND,16,4.855822493209789,0.30348890582561183,6,0.6666666666666666,73.66666666666667,6,73.83333333333333,0,0.0,0.0,2,0,0.0,2.4279112466048947,2,0,0.0,2.4279112466048947,0.125
8,JAX,16,4.527936829856088,0.2829960518660055,6,0.6666666666666666,72.16666666666667,5,63.8,0,0.0,0.0,2,0,0.0,2.263968414928044,3,0,0.0,1.5093122766186962,0.0625
8,KC,12,-0.560253357145686,-0.0466877797621405,5,0.6,70.0,2,73.5,0,0.0,0.0,2,0,0.0,-0.280126678572843,3,0,0.0,-0.186751119048562,0.16666666666666666
8,LA,13,1.4754851806871576,0.11349886005285828,6,0.8333333333333334,69.5,3,58.0,0,0.0,0.0,0,0,0.0,0.0,4,0,0.0,0.3688712951717894,0.07692307692307693
8,LAC,14,3.2758888401456936,0.23399206001040668,3,0.3333333333333333,77.66666666666667,6,74.16666666666667,0,0.0,0.0,2,0,0.0,1.6379444200728468,3,0,0.0,1.0919629467152312,0.0
8,LV,12,3.871579762003546,0.3226316468336288,6,1.0,70.0,2,68.5,0,0.0,0.0,2,0,0.0,1.935789881001773,2,0,0.0,1.935789881001773,0.08333333333333333
8,MIA,12,4.0933651416816055,0.3411137618068005,5,0.8,75.8,2,51.5,0,0.0,0.0,2,0,0.0,2.0466825708408027,3,0,0.0,1.364455047227202,0.0
8,MIN,12,1.7748401092689865,0.1479033424390822,5,1.0,70.0,3,63.0,0,0.0,0.0,2,0,0.0,0.8874200546344932,2,0,0.0,0.8874200546344932,0.0
8,NE,13,-1.7149813084924488,-0.13192163911480376,5,0.8,72.0,5,71.2,0,0.0,0.0,1,0,0.0,-1.7149813084924488,2,0,0.0,-0.8574906542462244,0.07692307692307693
8,NO,19,-2.864075466810313,-0.15074081404264805,7,0.7142857142857143,68.0,9,59.22222222222222,0,0.0,0.0,3,0,0.0,-0.9546918222701044,0,0,0.0,0.0,0.0
8,NYG,15,0.8185386762187274,0.054569245081248496,7,0.5714285714285714,67.28571428571429,4,63.25,0,0.0,0.0,4,0,0.0,0.20463466905468186,0,0,0.0,0.0,0.0
8,NYJ,13,-8.883856832900483,-0.6833736025308064,5,1.0,70.0,4,52.5,0,0.0,0.0,2,0,0.0,-4.441928416450241,2,0,0.0,-4.441928416450241,0.0
8,PHI,12,3.8706701746169374,0.3225558478847448,4,0.5,70.75,1,52.0,0,0.0,0.0,3,0,0.0,1.2902233915389791,4,0,0.0,0.9676675436542344,0.0
8,PIT,15,2.66927889098056,0.17795192606537066,6,1.0,70.0,3,59.666666666666664,0,0.0,0.0,4,0,0.0,0.66731972274514,2,0,0.0,1.33463944549028,0.0
8,SEA,12,4.081190478623423,0.3400992065519519,6,0.8333333333333334,71.66666666666667,4,73.25,0,0.0,0.0,1,0,0.0,4.081190478623423,1,0,0.0,4.081190478623423,0.08333333333333333
8,SF,15,3.80711462228643,0.253807641485762,5,0.4,70.6,4,62.75,0,0.0,0.0,3,0,0.0,1.26903820742881,3,0,0.0,1.26903820742881,0.13333333333333333
8,TB,12,2.5951908914265513,0.2162659076188793,7,0.8571428571428571,70.42857142857143,1,67.0,0,0.0,0.0,1,0,0.0,2.5951908914265513,3,0,0.0,0.8650636304755172,0.0
8,TEN,17,-9.090553901387146,-0.5347384647874792,9,0.8888888888888888,70.11111111111111,6,62.5,0,0.0,0.0,0,0,0.0,0.0,2,0,0.0,-4.545276950693573,0.11764705882352941
8,WAS,13,-2.7400521375956144,-0.2107732413535088,3,0.3333333333333333,74.0,5,64.2,0,0.0,0.0,5,0,0.0,-0.5480104275191229,0,0,0.0,0.0,0.0
9,ARI,14,5.39337120335579,0.3852408002396993,5,0.8,68.8,4,57.75,0,0.0,0.0,2,0,0.0,2.696685601677895,3,0,0.0,1.7977904011185968,0.0
9,ATL,13,0.035530587472949016,0.0027331221133037706,5,0.0,69.8,5,70.6,0,0.0,0.0,0,0,0.0,0.0,3,0,0.0,0.011843529157649671,0.0
9,BAL,12,2.7437431367490044,0.22864526139575037,3,0.6666666666666666,67.66666666666667,2,61.0,0,0.0,0.0,2,0,0.0,1.3718715683745022,5,0,0.0,0.5487486273498009,0.0
9,BUF,12,5.219821721989941,0.4349851434991618,6,1.0,70.0,1,67.0,0,0.0,0.0,3,0,0.0,1.7399405739966471,2,0,0.0,2.6099108609949706,0.0
9,CAR,14,1.7103896329832275,0.12217068807023054,6,0.5,73.5,5,61.6,0,0.0,0.0,1,0,0.0,1.7103896329832275,2,0,0.0,0.8551948164916138,0.14285714285714285
9,CHI,13,2.649346478275723,0.20379588294428638,6,1.0,70.0,4,67.25,0,0.0,0.0,3,0,0.0,0.8831154927585744,0,0,0.0,0.0,0.0
9,CIN,15,1.1750961712153525,0.07833974474769016,5,0.6,77.2,3,68.0,0,0.0,0.0,2,0,0.0,0.5875480856076762,5,0,0.0,0.2350192342430705,0.0
9,CLE,14,-2.7811937325202076,-0.19865669518001483,5,0.6,72.4,6,67.33333333333333,0,0.0,0.0,2,0,0.0,-1.3905968662601038,1,0,0.0,-2.7811937325202076,0.0
9,DAL,11,3.169252255241335,0.2881138413855759,5,0.8,70.0,3,66.66666666666667,0,0.0,0.0,2,0,0.0,1.5846261276206675,1,0,0.0,3.169252255241335,0.09090909090909091
9,DEN,12,0.506046786439764,0.042170565536647,8,0.5,70.375,2,78.5,0,0.0,0.0,1,0,0.0,0.506046786439764,1,0,0.0,0.506046786439764,0.08333333333333333
9,DET,12,4.39813256573051,0.3665110471442092,4,0.25,63.75,4,76.75,0,0.0,0.0,1,0,0.0,4.39813256573051,3,0,0.0,1.4660441885768367,0.08333333333333333
9,GB,10,-1.6535117941194915,-0.16535117941194916,5,0.6,75.0,2,52.5,0,0.0,0.0,3,0,0.0,-0.5511705980398305,0,0,0.0,0.0,0.2
9,HOU,12,-0.8045515958105316,-0.0670459663175443,4,0.0,70.0,3,71.66666666666667,0,0.0,0.0,4,0,0.0,-0.2011378989526329,1,0,0.0,-0.8045515958105316,0.16666666666666666
9,IND,11,-1.6414871131284479,-0.14922610119349525,4,1.0,70.0,3,60.666666666666664,0,0.0,0.0,3,0,0.0,-0.547162371042816,1,0,0.0,-1.6414871131284479,0.0
9,JAX,12,2.9126901136047185,0.24272417613372654,6,0.6666666666666666,68.5,5,62.2,0,0.0,0.0,0,0,0.0,0.0,1,0,0.0,2.9126901136047185,0.08333333333333333
9,KC,14,2.0358748360136585,0.14541963114383274,6,1.0,70.0,4,62.5,0,0.0,0.0,1,0,0.0,2.0358748360136585,3,0,0.0,0.6786249453378862,0.0
9,LA,16,-4.427142317257614,-0.27669639482860087,4,0.25,74.0,8,65.25,0,0.0,0.0,2,0,0.0,-2.213571158628807,2,0,0.0,-2.213571158628807,0.0
9,LAC,15,-5.8911980456452735,-0.39274653637635154,3,1.0,70.0,7,75.57142857142857,0,0.0,0.0,1,0,0.0,-5.8911980456452735,4,0,0.0,-1.4727995114113184,0.0
9,LV,17,5.090232160142929,0.29942542118487814,8,1.0,70.0,5,67.0,0,0.0,0.0,1,0,0.0,5.090232160142929,3,0,0.0,1.6967440533809761,0.11764705882352941
9,MIA,13,-0.7682963767088204,-0.05909972128529388,7,0.7142857142857143,71.28571428571429,1,71.0,0,0.0,0.0,2,0,0.0,-0.3841481883544102,3,0,0.0,-0.25609879223627346,0.0
9,MIN,11,-6.394614028569033,-0.5813285480517303,4,0.75,66.25,2,46.0,0,0.0,0.0,2,0,0.0,-3.1973070142845166,3,0,0.0,-2.131538009523011,0.0
9,NE,13,0.3622385234072871,0.027864501800560548,5,1.0,70.0,4,68.5,0,0.0,0.0,2,0,0.0,0.18111926170364356,2,0,0.0,0.18111926170364356,0.07692307692307693
9,NO,13,-2.441488383048818,-0.18780679869606293,5,0.4,77.6,4,78.25,0,0.0,0.0,3,0,0.0,-0.8138294610162727,1,0,0.0,-2.441488383048818,0.07692307692307693
9,NYG,10,0.4436510638154658,0.04436510638154658,6,0.16666666666666666,71.16666666666667,2,63.5,0,0.0,0.0,1,0,0.0,0.4436510638154658,1,0,0.0,0.4436510638154658,0.0
9,NYJ,12,6.157386226886738,0.5131155189072282,4,0.75,66.75,5,73.0,0,0.0,0.0,0,0,0.0,0.0,3,0,0.0,2.0524620756289127,0.0
9,PHI,10,4.341231428562761,0.43412314285627607,4,0.75,69.5,3,74.66666666666667,0,0.0,0.0,2,0,0.0,2.1706157142813804,1,0,0.0,4.341231428562761,0.0
9,SEA,16,2.706031009745638,0.16912693810910237,6,0.8333333333333334,69.83333333333333,7,69.14285714285714,0,0.0,0.0,0,0,0.0,0.0,3,0,0.0,0.9020103365818793,0.0
9,TB,14,1.9994461489110211,0.14281758206507295,5,0.8,66.2,5,66.4,0,0.0,0.0,1,0,0.0,1.9994461489110211,3,0,0.0,0.6664820496370071,0.07142857142857142
9,TEN,13,-4.035032592559189,-0.31038712250455297,4,0.5,73.75,5,57.0,0,0.0,0.0,2,0,0.0,-2.0175162962795943,2,0,0.0,-2.0175162962795943,0.07692307692307693
9,WAS,12,3.3497815989198254,0.2791484665766521,5,0.8,69.0,2,66.5,0,0.0,0.0,2,0,0.0,1.6748907994599127,3,0,0.0,1.1165938663066084,0.08333333333333333
10,ARI,9,0.1352815819604345,0.015031286884492722,3,1.0,70.0,1,52.0,0,0.0,0.0,1,0,0.0,0.1352815819604345,4,0,0.0,0.03382039549010862,0.1111111111111111
10,ATL,14,-10.176615895131594,-0.7269011353665424,5,0.0,69.8,3,73.33333333333333,0,0.0,0.0,4,0,0.0,-2.5441539737828984,2,0,0.0,-5.088307947565797,0.0
10,BAL,15,2.5711397253347474,0.1714093150223165,6,0.6666666666666666,68.33333333333333,5,70.2,0,0.0,0.0,0,0,0.0,0.0,4,0,0.0,0.6427849313336869,0.06666666666666667
10,BUF,13,2.9557647331834653,0.22736651793718965,5,0.6,73.4,2,60.5,0,0.0,0.0,3,0,0.0,0.9852549110611551,3,0,0.0,0.9852549110611551,0.0
10,CAR,15,3.116649728141747,0.20777664854278313,4,0.5,71.0,7,67.14285714285714,0,0.0,0.0,2,0,0.0,1.5583248640708736,2,0,0.0,1.5583248640708736,0.06666666666666667
10,CHI,14,0.8892912058960332,0.06352080042114523,5,0.6,70.0,8,61.625,0,0.0,0.0,1,0,0.0,0.8892912058960332,0,0,0.0,0.0,0.07142857142857142
10,CIN,13,1.322597379507302,0.10173825996210016,6,0.8333333333333334,74.66666666666667,3,56.0,0,0.0,0.0,0,0,0.0,0.0,4,0,0.0,0.3306493448768255,0.0
10,DAL,15,2.2787423926499155,0.15191615950999438,7,0.7142857142857143,70.0,6,71.33333333333333,0,0.0,0.0,2,0,0.0,1.1393711963249578,0,0,0.0,0.0,0.0
10,DEN,14,-1.578726613957599,-0.11276618671125707,5,0.8,71.4,5,70.8,0,0.0,0.0,2,0,0.0,-0.7893633069787995,2,0,0.0,-0.7893633069787995,0.07142857142857142
10,DET,14,1.9534101326842384,0.13952929519173132,6,1.0,70.0,4,66.0,0,0.0,0.0,2,0,0.0,0.9767050663421192,2,0,0.0,0.9767050663421192,0.0
10,HOU,16,3.7086142916022684,0.23178839322514178,5,1.0,70.0,5,81.6,0,0.0,0.0,4,0,0.0,0.9271535729005671,2,0,0.0,1.8543071458011342,0.0625
10,IND,12,2.035227447606851,0.16960228730057092,6,1.0,70.0,2,67.0,0,0.0,0.0,2,0,0.0,1.0176137238034255,2,0,0.0,1.0176137238034255,0.0
10,JAX,11,3.4079794321301837,0.3098163120118349,5,0.8,71.0,5,66.0,0,0.0,0.0,0,0,0.0,0.0,1,0,0.0,3.4079794321301837,0.09090909090909091
10,KC,11,0.9634993135087422,0.08759084668261292,3,0.6666666666666666,71.0,4,59.25,0,0.0,0.0,3,0,0.0,0.3211664378362474,1,0,0.0,0.9634993135087422,0.0
10,LA,15,0.24221611157175316,0.01614774077145021,6,0.6666666666666666,73.0,3,65.66666666666667,0,0.0,0.0,6,0,0.0,0.04036935192862553,0,0,0.0,0.0,0.0
10,LAC,12,3.3726546906514203,0.28105455755428504,4,0.5,73.25,3,73.0,0,0.0,0.0,2,0,0.0,1.6863273453257102,3,0,0.0,1.1242182302171402,0.0
10,MIA,13,4.235810954071511,0.3258316118516547,5,0.8,67.4,3,70.0,0,0.0,0.0,3,0,0.0,1.4119369846905039,2,0,0.0,2.1179054770357557,0.15384615384615385
10,MIN,8,1.2016120137769364,0.15020150172211705,2,1.0,70.0,2,60.0,0,0.0,0.0,4,0,0.0,0.3004030034442341,0,0,0.0,0.0,0.0
10,NE,12,0.7386719020696568,0.06155599183913807,2,1.0,70.0,5,68.8,0,0.0,0.0,4,0,0.0,0.1846679755174142,1,0,0.0,0.7386719020696568,0.0
10,NO,13,-0.14300847149367746,-0.011000651653359804,4,0.5,70.25,5,60.4,0,0.0,0.0,2,0,0.0,-0.07150423574683873,2,0,0.0,-0.07150423574683873,0.0
10,NYG,14,0.45893563744143817,0.032781116960102726,5,0.2,72.2,5,57.8,0,0.0,0.0,2,0,0.0,0.22946781872071909,2,0,0.0,0.22946781872071909,0.14285714285714285
10,NYJ,9,2.8043221199350103,0.3115913466594456,5,1.0,70.0,2,70.0,0,0.0,0.0,2,0,0.0,1.4021610599675052,0,0,0.0,0.0,0.0
10,PHI,13,0.8975403940219548,0.0690415687709196,3,0.0,66.33333333333333,4,60.0,0,0.0,0.0,2,0,0.0,0.4487701970109774,4,0,0.0,0.2243850985054887,0.15384615384615385
10,PIT,15,4.649116774644741,0.3099411183096494,6,0.16666666666666666,72.0,5,66.8,0,0.0,0.0,0,0,0.0,0.0,4,0,0.0,1.1622791936611852,0.0
10,SF,14,-6.812521135024875,-0.4866086525017768,5,0.8,69.6,1,39.0,0,0.0,0.0,6,0,0.0,-1.1354201891708124,2,0,0.0,-3.4062605675124376,0.07142857142857142
10,TB,15,5.337581567619219,0.3558387711746146,5,1.0,70.0,6,63.666666666666664,0,0.0,0.0,2,0,0.0,2.6687907838096097,2,0,0.0,2.6687907838096097,0.0
10,TEN,14,-0.25245155290386134,-0.018032253778847238,6,0.5,70.5,4,68.75,0,0.0,0.0,2,0,0.0,-0.12622577645193067,2,0,0.0,-0.12622577645193067,0.14285714285714285
10,WAS,16,7.39321383964935,0.4620758649780844,5,0.2,66.0,6,72.5,0,0.0,0.0,2,0,0.0,3.696606919824675,3,0,0.0,2.46440461321645,0.0
11,ATL,14,3.304919384099229,0.23606567029280207,7,1.0,70.0,5,69.0,0,0.0,0.0,2,0,0.0,1.6524596920496144,0,0,0.0,0.0,0.0
11,BAL,15,-3.7593668676780148,-0.250624457845201,7,0.42857142857142855,70.28571428571429,4,70.75,0,0.0,0.0,3,0,0.0,-1.253122289226005,1,0,0.0,-3.7593668676780148,0.06666666666666667
11,BUF,12,0.544762420951979,0.045396868412664916,4,0.75,71.75,3,54.666666666666664,0,0.0,0.0,1,0,0.0,0.544762420951979,4,0,0.0,0.13619060523799476,0.0
11,CHI,10,-0.24151192395416476,-0.024151192395416476,4,0.5,72.66666666666667,2,49.0,0,0.0,0.0,3,0,0.0,-0.08050397465138825,1,0,0.0,-0.24151192395416476,0.1
11,CIN,18,-7.976463973034216,-0.44313688739078977,6,0.6666666666666666,69.2,5,66.8,0,0.0,0.0,4,0,0.0,-1.994115993258554,3,0,0.0,-2.6588213243447387,0.0
11,CLE,13,-8.978450159086046,-0.6906500122373882,6,0.6666666666666666,73.0,5,63.0,0,0.0,0.0,2,0,0.0,-4.489225079543023,0,0,0.0,0.0,0.0
11,DAL,12,-0.6389023099190294,-0.053241859159919115,7,0.7142857142857143,72.42857142857143,2,63.0,0,0.0,0.0,2,0,0.0,-0.3194511549595147,1,0,0.0,-0.6389023099190294,0.08333333333333333
11,DEN,12,2.315523187379877,0.19296026561498977,3,1.0,70.0,3,66.66666666666667,0,0.0,0.0,1,0,0.0,2.315523187379877,5,0,0.0,0.4631046374759754,0.08333333333333333
11,DET,10,2.0394010393991855,0.20394010393991854,2,1.0,70.0,0,,0,0.0,0.0,1,0,0.0,2.0394010393991855,7,0,0.0,0.29134300562845505,0.0
11,GB,8,0.9052955588278317,0.11316194485347897,5,0.6,72.0,1,52.0,0,0.0,0.0,0,0,0.0,0.0,2,0,0.0,0.4526477794139159,0.0
11,HOU,13,-0.9902722752482147,-0.07617479040370882,3,0.3333333333333333,79.66666666666667,4,61.0,0,0.0,0.0,2,0,0.0,-0.49513613762410735,4,0,0.0,-0.24756806881205368,0.0
11,IND,14,4.223926997972631,0.3017090712837594,6,0.3333333333333333,70.66666666666667,4,78.75,0,0.0,0.0,3,0,0.0,1.407975665990877,1,0,0.0,4.223926997972631,0.14285714285714285
11,JAX,16,5.449707468792491,0.3406067167995307,9,0.7777777777777778,69.88888888888889,5,67.8,0,0.0,0.0,2,0,0.0,2.7248537343962456,0,0,0.0,0.0,0.0625
11,KC,12,-0.8766429082445399,-0.073053575687045,5,1.0,70.0,4,70.25,0,0.0,0.0,0,0,0.0,0.0,3,0,0.0,-0.29221430274818,0.08333333333333333
11,LA,15,-3.1163842222142653,-0.2077589481476177,6,0.5,70.16666666666667,4,47.0,0,0.0,0.0,1,0,0.0,-3.1163842222142653,4,0,0.0,-0.7790960555535663,0.06666666666666667
11,LAC,18,0.6980959669468993,0.03878310927482774,6,0.8333333333333334,70.0,6,68.16666666666667,0,0.0,0.0,2,0,0.0,0.3490479834734497,4,0,0.0,0.17452399173672484,0.0
11,LV,11,3.5231988204815825,0.32029080186196207,7,0.8571428571428571,70.0,1,60.0,0,0.0,0.0,2,0,0.0,1.7615994102407913,1,0,0.0,3.5231988204815825,0.09090909090909091
11,MIA,11,3.5585014087158457,0.3235001280650769,5,0.4,70.2,0,,0,0.0,0.0,2,0,0.0,1.7792507043579229,4,0,0.0,0.8896253521789614,0.09090909090909091
11,MIN,13,-1.3897009313632225,-0.10690007164332481,4,0.75,68.75,5,51.8,0,0.0,0.0,1,0,0.0,-1.3897009313632225,3,0,0.0,-0.46323364378774085,0.07692307692307693
11,NE,12,1.734321628229401,0.14452680235245008,5,0.6,66.25,2,43.0,0,0.0,0.0,3,0,0.0,0.5781072094098003,2,0,0.0,0.8671608141147005,0.0
11,NO,11,1.37534692855377,0.12503153895943364,3,0.6666666666666666,66.33333333333333,3,46.333333333333336,0,0.0,0.0,0,0,0.0,0.0,5,0,0.0,0.275069385710754,0.0
11,NYJ,17,5.191461347759927,0.3053800792799957,7,0.8571428571428571,71.14285714285714,5,68.6,0,0.0,0.0,2,0,0.0,2.5957306738799635,3,0,0.0,1.7304871159199757,0.0
11,PHI,14,-5.650914461660323,-0.4036367472614516,4,0.25,71.25,3,68.66666666666667,0,0.0,0.0,4,0,0.0,-1.4127286154150807,3,0,0.0,-1.8836381538867741,0.14285714285714285
11,PIT,14,10.239298648264665,0.7313784748760475,4,1.0,70.0,4,69.5,0,0.0,0.0,6,0,0.0,1.7065497747107774,0,0,0.0,0.0,0.07142857142857142
11,SEA,10,4.14915521546356,0.414915521546356,4,0.75,73.75,2,54.5,0,0.0,0.0,2,0,0.0,2.07457760773178,2,0,0.0,2.07457760773178,0.0
11,SF,11,-0.2519680735380181,-0.02290618850345619,5,0.4,74.8,3,51.333333333333336,0,0.0,0.0,1,0,0.0,-0.2519680735380181,2,0,0.0,-0.12598403676900904,0.0
11,TEN,13,0.7100049788512006,0.054615767603938506,5,0.8,71.0,5,66.2,0,0.0,0.0,2,0,0.0,0.3550024894256003,1,0,0.0,0.7100049788512006,0.07692307692307693
11,WAS,13,2.3874141530996003,0.1836472425461231,6,0.6666666666666666,70.0,5,64.4,0,0.0,0.0,1,0,0.0,2.3874141530996003,1,0,0.0,2.3874141530996003,0.0
12,ARI,13,0.976827667663331,0.07514058982025623,4,0.25,69.75,6,69.66666666666667,0,0.0,0.0,3,0,0.0,0.32560922255444363,0,0,0.0,0.0,0.0
12,BAL,12,3.329370204797698,0.2774475170664748,5,0.8,67.2,3,76.66666666666667,0,0.0,0.0,1,0,0.0,3.329370204797698,3,0,0.0,1.1097900682658992,0.0
12,CAR,13,4.218787817135588,0.32452213977966066,6,1.0,70.0,2,73.5,0,0.0,0.0,4,0,0.0,1.054696954283897,1,0,0.0,4.218787817135588,0.07692307692307693
12,CHI,17,1.4383731140500964,0.08461018317941743,7,0.8571428571428571,68.57142857142857,6,67.66666666666667,0,0.0,0.0,3,0,0.0,0.47945770468336546,1,0,0.0,1.4383731140500964,0.058823529411764705
12,CLE,10,-1.225862190291342,-0.1225862190291342,5,0.4,69.6,3,45.666666666666664,0,0.0,0.0,1,0,0.0,-1.225862190291342,1,0,0.0,-1.225862190291342,0.1
12,DAL,20,4.852567431812609,0.24262837159063047,6,0.0,71.66666666666667,6,67.0,0,0.0,0.0,4,0,0.0,1.2131418579531523,4,0,0.0,1.2131418579531523,0.0
12,DEN,16,6.28106710830121,0.3925666942688256,5,1.0,70.0,4,60.75,0,0.0,0.0,5,0,0.0,1.256213421660242,2,0,0.0,3.140533554150605,0.0
12,DET,11,3.7748511397718576,0.34316828543380523,3,1.0,70.0,4,61.25,0,0.0,0.0,1,0,0.0,3.7748511397718576,3,0,0.0,1.258283713257286,0.0
12,GB,13,4.70630464661875,0.36202343435528844,3,0.6666666666666666,69.0,4,60.0,0,0.0,0.0,1,0,0.0,4.70630464661875,5,0,0.0,0.9412609293237499,0.15384615384615385
12,HOU,17,8.496644226302688,0.49980260154721695,6,0.3333333333333333,75.5,5,64.8,0,0.0,0.0,3,0,0.0,2.8322147421008963,3,0,0.0,2.8322147421008963,0.11764705882352941
12,IND,13,1.9018336649415004,0.14629489730319234,5,0.8,71.2,6,73.5,0,0.0,0.0,2,0,0.0,0.9509168324707502,0,0,0.0,0.0,0.07692307692307693
12,KC,14,3.4140884847720177,0.24386346319800126,6,0.3333333333333333,70.5,2,72.0,0,0.0,0.0,3,0,0.0,1.138029494924006,3,0,0.0,1.138029494924006,0.07142857142857142
12,LA,15,-2.844467547089354,-0.18963116980595693,8,0.75,69.5,4,67.75,0,0.0,0.0,1,0,0.0,-2.844467547089354,2,0,0.0,-1.422233773544677,0.0
12,LAC,15,6.117682619113535,0.40784550794090235,6,0.8333333333333334,70.0,4,60.0,0,0.0,0.0,3,0,0.0,2.0392275397045116,2,0,0.0,3.0588413095567675,0.06666666666666667
12,LV,17,5.451157925349612,0.3206563485499772,8,0.875,73.625,4,65.25,0,0.0,0.0,4,0,0.0,1.362789481337403,1,0,0.0,5.451157925349612,0.0
12,MIA,14,1.593099203224574,0.11379280023032672,3,1.0,70.0,5,62.6,0,0.0,0.0,2,0,0.0,0.796549601612287,4,0,0.0,0.3982748008061435,0.0
12,MIN,14,6.648273720085682,0.47487669429183443,4,0.25,67.75,4,65.5,0,0.0,0.0,3,0,0.0,2.2160912400285606,3,0,0.0,2.2160912400285606,0.07142857142857142
12,NE,14,-2.0738004573892614,-0.14812860409923295,7,1.0,70.0,5,68.6,0,0.0,0.0,1,0,0.0,-2.0738004573892614,1,0,0.0,-2.0738004573892614,0.0
12,NYG,11,1.0424143108399098,0.0947649373490827,6,0.8333333333333334,69.66666666666667,4,65.5,0,0.0,0.0,0,0,0.0,0.0,1,0,0.0,1.0424143108399098,0.0
12,PHI,12,0.29065714732420034,0.02422142894368336,4,0.75,66.25,1,64.0,0,0.0,0.0,3,0,0.0,0.09688571577473344,4,0,0.0,0.07266428683105008,0.0
12,PIT,10,-2.5763187637864835,-0.2576318763786484,5,0.4,70.4,1,70.0,0,0.0,0.0,3,0,0.0,-0.8587729212621612,1,0,0.0,-2.5763187637864835,0.0
12,SEA,11,2.1856282982461104,0.19869348165873732,3,0.6666666666666666,73.66666666666667,5,61.2,0,0.0,0.0,1,0,0.0,2.1856282982461104,2,0,0.0,1.0928141491230552,0.09090909090909091
12,SF,12,3.0560937615138197,0.2546744801261516,7,0.42857142857142855,73.0,3,70.66666666666667,0,0.0,0.0,1,0,0.0,3.0560937615138197,1,0,0.0,3.0560937615138197,0.08333333333333333
12,TB,9,-2.874014323796542,-0.31933492486628245,2,0.5,84.0,2,55.0,0,0.0,0.0,1,0,0.0,-2.874014323796542,4,0,0.0,-0.7185035809491355,0.0
12,TEN,18,8.293515248885605,0.4607508471603114,7,0.42857142857142855,69.71428571428571,5,75.0,0,0.0,0.0,3,0,0.0,2.7645050829618683,3,0,0.0,2.7645050829618683,0.1111111111111111
12,WAS,18,-0.8702470290206676,-0.04834705716781487,7,0.42857142857142855,69.14285714285714,6,58.833333333333336,0,0.0,0.0,3,0,0.0,-0.29008234300688923,2,0,0.0,-0.4351235145103338,0.05555555555555555
13,ARI,14,-2.1929725370403794,-0.15664089550288424,6,0.8333333333333334,70.83333333333333,1,56.0,0,0.0,0.0,6,0,0.0,-0.36549542284006326,1,0,0.0,-2.1929725370403794,0.0
13,ATL,11,-2.3013796095643686,-0.20921632814221533,5,1.0,70.0,2,57.0,0,0.0,0.0,3,0,0.0,-0.7671265365214562,1,0,0.0,-2.3013796095643686,0.0
13,BAL,15,-5.032972557496899,-0.33553150383312663,5,0.6,68.8,4,73.5,0,0.0,0.0,4,0,0.0,-1.2582431393742248,2,0,0.0,-2.5164862787484497,0.0
13,BUF,12,-4.656948246426355,-0.38807902053552956,3,0.3333333333333333,73.66666666666667,3,60.333333333333336,0,0.0,0.0,1,0,0.0,-4.656948246426355,5,0,0.0,-0.9313896492852709,0.0
13,CAR,17,-5.541232821929976,-0.32595487187823385,5,0.8,71.6,5,66.8,0,0.0,0.0,5,0,0.0,-1.1082465643859951,2,0,0.0,-2.770616410964988,0.058823529411764705
13,CHI,12,0.8296320654957081,0.06913600545797567,6,0.8333333333333334,70.66666666666667,4,74.5,0,0.0,0.0,0,0,0.0,0.0,2,0,0.0,0.41481603274785406,0.0
13,CIN,16,4.236024012331571,0.2647515007707232,8,0.375,76.625,2,60.5,0,0.0,0.0,1,0,0.0,4.236024012331571,5,0,0.0,0.8472048024663141,0.0
13,CLE,19,1.1377918524561248,0.05988378170821709,8,0.875,70.625,6,66.16666666666667,0,0.0,0.0,2,0,0.0,0.5688959262280624,3,0,0.0,0.3792639508187083,0.0
13,DAL,15,-2.269319154155488,-0.15128794361036585,5,1.0,70.0,5,60.6,0,0.0,0.0,2,0,0.0,-1.134659577077744,3,0,0.0,-0.7564397180518293,0.0
13,DEN,18,3.9448235321421183,0.21915686289678435,6,1.0,70.0,5,66.8,0,0.0,0.0,2,0,0.0,1.9724117660710592,5,0,0.0,0.7889647064284236,0.0
13,DET,12,-0.40908655628804924,-0.03409054635733744,4,0.75,72.0,2,58.0,0,0.0,0.0,4,0,0.0,-0.10227163907201231,2,0,0.0,-0.20454327814402462,0.0
13,GB,14,9.41015087349681,0.6721536338212007,4,0.25,61.25,4,51.25,0,0.0,0.0,3,0,0.0,3.1367169578322702,3,0,0.0,3.1367169578322702,0.07142857142857142
13,HOU,14,4.275402907449514,0.3053859219606796,5,1.0,70.0,4,62.5,0,0.0,0.0,3,0,0.0,1.4251343024831715,2,0,0.0,2.137701453724757,0.0
13,IND,11,1.0593968541957177,0.09630880492688343,6,0.5,70.66666666666667,2,78.5,0,0.0,0.0,1,0,0.0,1.0593968541957177,2,0,0.0,0.5296984270978589,0.0
13,JAX,13,-3.9898275571055173,-0.3069098120850398,6,0.3333333333333333,72.33333333333333,4,65.25,0,0.0,0.0,3,0,0.0,-1.3299425190351724,0,0,0.0,0.0,0.07692307692307693
13,KC,15,-0.8025159122467376,-0.05350106081644917,4,0.5,72.25,5,60.4,0,0.0,0.0,5,0,0.0,-0.16050318244934753,1,0,0.0,-0.8025159122467376,0.0
13,LA,10,-0.892008612945095,-0.0892008612945095,4,0.25,64.75,3,55.666666666666664,0,0.0,0.0,0,0,0.0,0.0,3,0,0.0,-0.29733620431503166,0.2
13,LAC,10,3.971964875573747,0.3971964875573747,4,1.0,70.0,3,63.0,0,0.0,0.0,3,0,0.0,1.3239882918579158,0,0,0.0,0.0,0.1
13,LV,15,-5.713751110507456,-0.3809167407004971,6,0.16666666666666666,73.33333333333333,3,65.33333333333333,0,0.0,0.0,4,0,0.0,-1.428437777626864,2,0,0.0,-2.856875555253728,0.13333333333333333
13,MIA,10,2.9800382724982537,0.2980038272498254,6,0.3333333333333333,70.66666666666667,3,76.66666666666667,0,0.0,0.0,1,0,0.0,2.9800382724982537,0,0,0.0,0.0,0.0
13,MIN,14,2.260293511290513,0.16144953652075092,6,1.0,70.0,2,71.5,0,0.0,0.0,4,0,0.0,0.5650733778226282,2,0,0.0,1.1301467556452565,0.0
13,NE,12,-0.4681137348369855,-0.039009477903082124,5,0.4,71.0,1,55.0,0,0.0,0.0,5,0,0.0,-0.0936227469673971,1,0,0.0,-0.4681137348369855,0.0
13,NO,10,-0.9453645797887607,-0.09453645797887607,4,1.0,70.0,3,59.333333333333336,0,0.0,0.0,3,0,0.0,-0.31512152659625353,0,0,0.0,0.0,0.0
13,NYG,15,4.162794099902236,0.277519606660149,6,0.8333333333333334,69.0,5,69.6,0,0.0,0.0,2,0,0.0,2.081397049951118,2,0,0.0,2.081397049951118,0.0
13,NYJ,12,6.084729422088614,0.5070607851740512,6,0.16666666666666666,74.4,4,59.75,0,0.0,0.0,0,0,0.0,0.0,2,0,0.0,3.042364711044307,0.0
13,PHI,15,2.706862187562132,0.18045747917080882,5,0.6,68.2,6,64.5,0,0.0,0.0,1,0,0.0,2.706862187562132,3,0,0.0,0.902287395854044,0.06666666666666667
13,PIT,17,-1.263748409862381,-0.07433814175661065,7,0.5714285714285714,72.42857142857143,1,49.0,0,0.0,0.0,4,0,0.0,-0.31593710246559525,5,0,0.0,-0.2527496819724762,0.0
13,SEA,12,-8.821661759080072,-0.7351384799233394,4,0.25,77.75,3,63.333333333333336,0,0.0,0.0,2,0,0.0,-4.410830879540036,3,0,0.0,-2.9405539196933574,0.0
13,SF,13,-6.566542543303417,-0.5051186571771858,6,0.0,79.33333333333333,3,66.66666666666667,0,0.0,0.0,3,0,0.0,-2.1888475144344723,1,0,0.0,-6.566542543303417,0.07692307692307693
13,TB,19,1.33421324654769,0.07022174981829947,7,0.2857142857142857,73.85714285714286,5,71.6,0,0.0,0.0,5,0,0.0,0.266842649309538,2,0,0.0,0.667106623273845,0.10526315789473684
13,TEN,14,-2.8892580971815813,-0.20637557837011294,7,0.14285714285714285,70.71428571428571,4,72.25,0,0.0,0.0,2,0,0.0,-1.4446290485907907,1,0,0.0,-2.8892580971815813,0.21428571428571427
13,WAS,14,-5.711147329217106,-0.40793909494407904,5,0.2,73.8,1,81.0,0,0.0,0.0,2,0,0.0,-2.855573664608553,6,0,0.0,-0.9518578882028511,0.07142857142857142
14,ARI,14,-2.4450279751044874,-0.17464485536460625,7,1.0,70.0,4,74.75,0,0.0,0.0,2,0,0.0,-1.2225139875522437,1,0,0.0,-2.4450279751044874,0.0
14,ATL,11,-4.200003220276306,-0.3818184745705733,7,0.8571428571428571,69.85714285714286,1,53.0,0,0.0,0.0,2,0,0.0,-2.100001610138153,1,0,0.0,-4.200003220276306,0.0
14,BUF,17,-5.8415285205032035,-0.34361932473548257,8,0.75,72.0,3,60.666666666666664,0,0.0,0.0,0,0,0.0,0.0,6,0,0.0,-0.9735880867505339,0.0
14,CAR,9,0.7793404036338942,0.0865933781815438,4,0.25,73.0,2,61.5,0,0.0,0.0,1,0,0.0,0.7793404036338942,2,0,0.0,0.3896702018169471,0.0
14,CHI,14,3.5829743121726882,0.25592673658376347,7,0.5714285714285714,72.85714285714286,6,74.16666666666667,0,0.0,0.0,0,0,0.0,0.0,1,0,0.0,3.5829743121726882,0.2857142857142857
14,CIN,13,4.184080296706753,0.3218523305159041,5,0.6,68.4,3,66.0,0,0.0,0.0,2,0,0.0,2.0920401483533766,3,0,0.0,1.3946934322355844,0.0
14,CLE,15,-3.294219259033008,-0.2196146172688672,6,0.8333333333333334,68.5,5,60.6,0,0.0,0.0,2,0,0.0,-1.647109629516504,2,0,0.0,-1.647109629516504,0.0
14,DAL,14,2.863609172123298,0.2045435122945213,6,1.0,70.0,4,70.5,0,0.0,0.0,2,0,0.0,1.431804586061649,2,0,0.0,1.431804586061649,0.14285714285714285
14,DET,14,3.8477858096877204,0.2748418435491229,6,1.0,70.0,2,83.5,0,0.0,0.0,2,0,0.0,1.9238929048438602,4,0,0.0,0.9619464524219301,0.07142857142857142
14,GB,14,0.7814603321061808,0.055818595150441484,6,1.0,70.0,3,55.333333333333336,0,0.0,0.0,1,0,0.0,0.7814603321061808,4,0,0.0,0.1953650830265452,0.0
14,JAX,9,0.2943589772818469,0.032706553031316324,3,0.3333333333333333,72.33333333333333,4,75.75,0,0.0,0.0,1,0,0.0,0.2943589772818469,1,0,0.0,0.2943589772818469,0.1111111111111111
14,KC,13,5.385209135335621,0.4142468565642785,4,0.0,70.75,4,71.75,0,0.0,0.0,4,0,0.0,1.3463022838339052,1,0,0.0,5.385209135335621,0.15384615384615385
14,LA,16,2.030538970771774,0.12690868567323588,7,0.42857142857142855,68.57142857142857,2,52.0,0,0.0,0.0,1,0,0.0,2.030538970771774,6,0,0.0,0.3384231617952957,0.0
14,LAC,13,-0.16887418863227976,-0.012990322202483058,5,0.2,72.6,5,56.8,0,0.0,0.0,1,0,0.0,-0.16887418863227976,2,0,0.0,-0.08443709431613988,0.0
14,LV,12,-0.3278934121684953,-0.027324451014041278,5,0.6,69.2,4,66.5,0,0.0,0.0,2,0,0.0,-0.16394670608424766,1,0,0.0,-0.3278934121684953,0.0
14,MIA,16,5.340284144823273,0.33376775905145456,8,0.5,77.375,3,59.333333333333336,0,0.0,0.0,4,0,0.0,1.3350710362058182,1,0,0.0,5.340284144823273,0.0
14,MIN,14,-3.9500018032622966,-0.2821429859473069,5,0.6,71.8,2,54.5,0,0.0,0.0,1,0,0.0,-3.9500018032622966,6,0,0.0,-0.6583336338770495,0.0
14,NO,14,-8.11717404590514,-0.5797981461360814,3,0.3333333333333333,71.66666666666667,7,69.57142857142857,0,0.0,0.0,2,0,0.0,-4.05858702295257,2,0,0.0,-4.05858702295257,0.14285714285714285
14,NYG,13,-2.4832339795627925,-0.19101799842790712,3,0.3333333333333333,71.33333333333333,8,54.5,0,0.0,0.0,2,0,0.0,-1.2416169897813962,0,0,0.0,0.0,0.07692307692307693
14,NYJ,15,2.6537131941397245,0.1769142129426483,7,0.8571428571428571,71.14285714285714,2,74.0,0,0.0,0.0,4,0,0.0,0.6634282985349311,2,0,0.0,1.3268565970698623,0.13333333333333333
14,PHI,11,-2.670912030606633,-0.24281018460060302,4,0.75,71.5,4,66.25,0,0.0,0.0,1,0,0.0,-2.670912030606633,2,0,0.0,-1.3354560153033166,0.0
14,PIT,14,8.300563329757452,0.5928973806969609,3,1.0,70.0,6,77.5,0,0.0,0.0,2,0,0.0,4.150281664878726,3,0,0.0,2.766854443252484,0.07142857142857142
14,SEA,15,1.010251622203313,0.06735010814688754,4,0.75,70.75,5,57.0,0,0.0,0.0,3,0,0.0,0.3367505407344377,3,0,0.0,0.3367505407344377,0.0
14,SF,11,0.7235274193020649,0.06577521993655135,3,1.0,70.0,2,59.5,0,0.0,0.0,1,0,0.0,0.7235274193020649,5,0,0.0,0.144705483860413,0.0
14,TB,11,-2.6726393127443355,-0.24296721024948506,4,0.5,71.0,3,71.33333333333333,0,0.0,0.0,0,0,0.0,0.0,4,0,0.0,-0.6681598281860839,0.09090909090909091
14,TEN,8,3.122500182489638,0.39031252281120477,3,0.3333333333333333,71.66666666666667,3,57.666666666666664,0,0.0,0.0,2,0,0.0,1.561250091244819,0,0,0.0,0.0,0.25
15,ARI,12,3.777834996693929,0.3148195830578274,4,0.75,67.75,2,62.0,0,0.0,0.0,3,0,0.0,1.2592783322313097,3,0,0.0,1.2592783322313097,0.0
15,ATL,14,-1.5348632328380396,-0.10963308805985997,4,0.5,65.0,6,48.0,0,0.0,0.0,3,0,0.0,-0.5116210776126798,1,0,0.0,-1.5348632328380396,0.0
15,BAL,10,2.4301045912315495,0.24301045912315494,3,0.3333333333333333,76.33333333333333,2,61.0,0,0.0,0.0,0,0,0.0,0.0,5,0,0.0,0.4860209182463099,0.2
15,BUF,17,5.867788151507028,0.34516400891217813,7,0.7142857142857143,71.28571428571429,1,55.0,0,0.0,0.0,3,0,0.0,1.9559293838356762,6,0,0.0,0.9779646919178381,0.0
15,CAR,13,4.442837850628323,0.34175675774064024,7,0.5714285714285714,69.14285714285714,4,74.75,0,0.0,0.0,0,0,0.0,0.0,2,0,0.0,2.2214189253141616,0.07692307692307693
15,CHI,12,1.5943082515210052,0.13285902096008376,7,0.8571428571428571,70.0,3,61.666666666666664,0,0.0,0.0,2,0,0.0,0.7971541257605026,0,0,0.0,0.0,0.0
15,CIN,11,-0.04239294410661465,-0.003853904009692241,4,0.75,77.25,1,49.0,0,0.0,0.0,1,0,0.0,-0.04239294410661465,5,0,0.0,-0.00847858882132293,0.09090909090909091
15,CLE,11,4.635494826172895,0.4214086205611723,4,0.0,81.5,6,61.0,0,0.0,0.0,0,0,0.0,0.0,1,0,0.0,4.635494826172895,0.18181818181818182
15,DAL,12,7.261737647840084,0.6051448039866737,3,0.0,84.33333333333333,2,77.0,0,0.0,0.0,4,0,0.0,1.815434411960021,3,0,0.0,2.420579215946695,0.16666666666666666
15,DEN,15,0.3731288166232791,0.02487525444155194,4,1.0,70.0,6,57.333333333333336,0,0.0,0.0,1,0,0.0,0.3731288166232791,4,0,0.0,0.09328220415581978,0.06666666666666667
15,DET,19,1.2546128969301305,0.06603225773316476,9,1.0,70.0,3,70.66666666666667,0,0.0,0.0,1,0,0.0,1.2546128969301305,6,0,0.0,0.20910214948835507,0.05263157894736842
15,GB,14,0.5313811142205851,0.037955793872898935,4,0.25,67.5,4,70.0,0,0.0,0.0,3,0,0.0,0.17712703807352836,3,0,0.0,0.17712703807352836,0.0
15,HOU,13,2.3569432886543398,0.18130332989648767,4,1.0,70.0,5,68.4,0,0.0,0.0,2,0,0.0,1.1784716443271699,2,0,0.0,1.1784716443271699,0.0
15,IND,14,-1.8470154773736356,-0.13192967695525967,6,1.0,70.0,5,83.0,0,0.0,0.0,2,0,0.0,-0.9235077386868178,1,0,0.0,-1.8470154773736356,0.07142857142857142
15,JAX,13,3.259429547092869,0.25072534977637456,6,0.6666666666666666,69.66666666666667,2,58.5,0,0.0,0.0,4,0,0.0,0.8148573867732173,1,0,0.0,3.259429547092869,0.07692307692307693
15,KC,15,2.7077237777948566,0.18051491851965712,2,1.0,70.0,9,66.11111111111111,0,0.0,0.0,1,0,0.0,2.7077237777948566,3,0,0.0,0.9025745925982855,0.13333333333333333
15,LA,13,2.6052085262612223,0.20040065586624786,3,0.3333333333333333,70.66666666666667,6,69.66666666666667,0,0.0,0.0,4,0,0.0,0.6513021315653056,0,0,0.0,0.0,0.0
15,LAC,15,-0.7456108630161324,-0.04970739086774216,9,0.2222222222222222,70.33333333333333,3,54.333333333333336,0,0.0,0.0,1,0,0.0,-0.7456108630161324,2,0,0.0,-0.3728054315080662,0.2
15,LV,11,-3.5931490884620194,-0.32664991713291086,4,0.75,70.5,5,69.6,0,0.0,0.0,1,0,0.0,-3.5931490884620194,1,0,0.0,-3.5931490884620194,0.0
15,MIA,10,0.7011695975369266,0.07011695975369267,4,0.25,71.0,3,74.66666666666667,0,0.0,0.0,2,0,0.0,0.3505847987684633,1,0,0.0,0.7011695975369266,0.1
15,MIN,13,2.765085221813104,0.21269886321639261,4,0.5,67.0,3,74.0,0,0.0,0.0,3,0,0.0,0.9216950739377013,3,0,0.0,0.9216950739377013,0.07692307692307693
15,NE,13,-0.756610025554159,-0.05820077119647377,7,0.7142857142857143,72.0,2,68.0,0,0.0,0.0,2,0,0.0,-0.3783050127770795,2,0,0.0,-0.3783050127770795,0.0
15,NO,12,3.0795172945394143,0.2566264412116179,5,0.0,70.6,4,64.25,0,0.0,0.0,2,0,0.0,1.5397586472697071,1,0,0.0,3.0795172945394143,0.0
15,NYG,11,-1.9996138777631378,-0.1817830797966489,6,0.5,71.16666666666667,3,68.66666666666667,0,0.0,0.0,0,0,0.0,0.0,2,0,0.0,-0.9998069388815689,0.18181818181818182
15,NYJ,14,-1.1398736995919094,-0.08141954997085067,6,1.0,70.0,3,63.333333333333336,0,0.0,0.0,2,0,0.0,-0.5699368497959547,3,0,0.0,-0.37995789986396983,0.07142857142857142
15,PHI,10,0.8047105115285436,0.08047105115285436,4,0.5,68.75,1,84.0,0,0.0,0.0,2,0,0.0,0.4023552557642718,3,0,0.0,0.2682368371761812,0.0
15,PIT,14,7.951959447208697,0.5679971033720498,6,0.6666666666666666,69.5,5,61.8,0,0.0,0.0,2,0,0.0,3.9759797236043486,1,0,0.0,7.951959447208697,0.07142857142857142
15,SEA,15,5.453156650725222,0.3635437767150148,6,0.0,82.0,6,69.0,0,0.0,0.0,2,0,0.0,2.726578325362611,1,0,0.0,5.453156650725222,0.0
15,SF,14,4.339268005765122,0.30994771469750876,5,0.6,70.5,7,67.0,0,0.0,0.0,2,0,0.0,2.169634002882561,0,0,0.0,0.0,0.21428571428571427
15,TB,12,3.4966042677852203,0.2913836889821017,4,0.75,68.75,0,,0,0.0,0.0,4,0,0.0,0.8741510669463051,4,0,0.0,0.8741510669463051,0.0
15,TEN,11,2.6345565824756334,0.23950514386142122,7,0.8571428571428571,72.14285714285714,1,85.0,0,0.0,0.0,0,0,0.0,0.0,3,0,0.0,0.8781855274918778,0.0
15,WAS,12,-0.6186170134745392,-0.05155141778954494,4,0.0,65.75,3,67.66666666666667,0,0.0,0.0,3,0,0.0,-0.20620567115817975,2,0,0.0,-0.3093085067372696,0.08333333333333333
16,ARI,15,2.1194624078332884,0.14129749385555257,6,0.6666666666666666,71.0,3,75.66666666666667,0,0.0,0.0,3,0,0.0,0.7064874692777628,3,0,0.0,0.7064874692777628,0.2
16,ATL,11,-1.6007461042442053,-0.14552237311310956,2,1.0,70.0,2,61.5,0,0.0,0.0,3,0,0.0,-0.5335820347480684,4,0,0.0,-0.4001865260610513,0.0
16,BAL,12,2.863876028257211,0.23865633568810093,3,0.6666666666666666,76.66666666666667,3,54.0,0,0.0,0.0,2,0,0.0,1.4319380141286056,4,0,0.0,0.7159690070643028,0.08333333333333333
16,BUF,12,5.003777715049392,0.41698147625411597,4,0.25,64.5,4,53.75,0,0.0,0.0,1,0,0.0,5.003777715049392,3,0,0.0,1.6679259050164639,0.0
16,CAR,17,-0.4069850759243039,-0.02394029858378258,7,0.5714285714285714,70.85714285714286,5,63.2,0,0.0,0.0,1,0,0.0,-0.4069850759243039,4,0,0.0,-0.10174626898107597,0.0
16,CHI,13,2.03745336967333,0.15672718228256383,7,0.5714285714285714,70.57142857142857,3,54.666666666666664,0,0.0,0.0,1,0,0.0,2.03745336967333,2,0,0.0,1.018726684836665,0.0
16,CIN,11,-2.2151598067689724,-0.20137816425172475,2,0.0,74.5,4,70.0,0,0.0,0.0,2,0,0.0,-1.1075799033844862,3,0,0.0,-0.7383866022563241,0.0
16,CLE,9,-2.3273434802098687,-0.25859372002331876,4,0.25,75.25,4,71.0,0,0.0,0.0,0,0,0.0,0.0,1,0,0.0,-2.3273434802098687,0.0
16,DAL,16,8.379058060422658,0.5236911287764161,5,1.0,70.0,5,63.4,0,0.0,0.0,4,0,0.0,2.0947645151056644,2,0,0.0,4.189529030211329,0.1875
16,DEN,16,2.5829922410389967,0.1614370150649373,6,1.0,70.0,5,62.2,0,0.0,0.0,2,0,0.0,1.2914961205194984,3,0,0.0,0.8609974136796655,0.0625
16,DET,12,0.6656694975360843,0.055472458128007024,4,0.25,68.75,1,73.0,0,0.0,0.0,3,0,0.0,0.2218898325120281,4,0,0.0,0.16641737438402107,0.0
16,GB,9,4.29398328016804,0.47710925335200444,1,0.0,63.0,2,63.5,0,0.0,0.0,2,0,0.0,2.14699164008402,4,0,0.0,1.07349582004201,0.0
16,HOU,12,0.9144742321158188,0.07620618600965157,6,0.8333333333333334,70.66666666666667,2,67.5,0,0.0,0.0,2,0,0.0,0.4572371160579094,2,0,0.0,0.4572371160579094,0.0
16,IND,16,-1.6713572547602529,-0.1044598284225158,5,0.2,68.6,4,67.0,0,0.0,0.0,2,0,0.0,-0.8356786273801264,5,0,0.0,-0.3342714509520506,0.0
16,JAX,14,-2.9303645481083085,-0.20931175343630776,5,1.0,70.0,7,63.42857142857143,0,0.0,0.0,0,0,0.0,0.0,2,0,0.0,-1.4651822740541542,0.0
16,KC,12,1.1794182092442353,0.09828485077035294,5,0.0,78.2,2,73.0,0,0.0,0.0,2,0,0.0,0.5897091046221177,3,0,0.0,0.39313940308141176,0.08333333333333333
16,LA,8,3.5231699353015635,0.44039624191269544,2,0.0,78.0,2,46.5,0,0.0,0.0,2,0,0.0,1.7615849676507818,2,0,0.0,1.7615849676507818,0.125
16,LAC,13,4.875245236936406,0.37501886437972354,6,0.8333333333333334,67.33333333333333,3,73.33333333333333,0,0.0,0.0,2,0,0.0,2.437622618468203,2,0,0.0,2.437622618468203,0.0
16,LV,13,-3.5790803009928505,-0.27531386930714236,3,1.0,70.0,6,64.0,0,0.0,0.0,3,0,0.0,-1.193026766997617,1,0,0.0,-3.5790803009928505,0.07692307692307693
16,MIA,13,7.7887310421498945,0.5991331570884534,4,0.75,69.75,2,64.0,0,0.0,0.0,5,0,0.0,1.557746208429979,2,0,0.0,3.8943655210749473,0.0
16,MIN,16,5.5305369997736005,0.34565856248585003,5,0.8,71.8,6,62.333333333333336,0,0.0,0.0,2,0,0.0,2.7652684998868002,3,0,0.0,1.843512333257867,0.0625
16,NE,11,0.35368346022893027,0.03215304183899366,5,0.6,77.6,3,61.333333333333336,0,0.0,0.0,0,0,0.0,0.0,3,0,0.0,0.11789448674297676,0.18181818181818182
16,NO,11,1.6696800598874688,0.15178909635340626,7,0.14285714285714285,75.85714285714286,4,58.0,0,0.0,0.0,0,0,0.0,0.0,0,0,0.0,0.0,0.09090909090909091
16,NYG,13,1.135904657165829,0.08737728132044838,7,0.8571428571428571,68.42857142857143,5,62.2,0,0.0,0.0,0,0,0.0,0.0,1,0,0.0,1.135904657165829,0.0
16,NYJ,8,-1.9147929413852394,-0.23934911767315492,5,0.4,70.75,0,,0,0.0,0.0,2,0,0.0,-0.9573964706926197,1,0,0.0,-1.9147929413852394,0.0
16,PHI,18,1.6066984147411236,0.08926102304117353,6,0.0,71.66666666666667,4,57.25,0,0.0,0.0,5,0,0.0,0.32133968294822474,3,0,0.0,0.5355661382470412,0.0
16,PIT,15,4.1529067533721085,0.2768604502248072,7,0.7142857142857143,69.28571428571429,5,67.2,0,0.0,0.0,1,0,0.0,4.1529067533721085,2,0,0.0,2.0764533766860542,0.0
16,SEA,16,2.042299064877819,0.1276436915548637,6,0.5,69.83333333333333,5,69.8,0,0.0,0.0,2,0,0.0,1.0211495324389095,3,0,0.0,0.680766354959273,0.0625
16,SF,16,-2.0931367221893913,-0.13082104513683696,8,0.875,73.0,4,67.75,0,0.0,0.0,2,0,0.0,-1.0465683610946956,2,0,0.0,-1.0465683610946956,0.1875
16,TB,14,-0.8808221734388216,-0.0629158695313444,6,0.6666666666666666,75.16666666666667,4,62.0,0,0.0,0.0,1,0,0.0,-0.8808221734388216,3,0,0.0,-0.2936073911462739,0.07142857142857142
16,TEN,14,-1.565032926366718,-0.11178806616905128,7,0.7142857142857143,68.14285714285714,4,62.0,0,0.0,0.0,1,0,0.0,-1.565032926366718,2,0,0.0,-0.782516463183359,0.0
16,WAS,14,7.763738579468141,0.5545527556762958,8,0.0,66.375,2,74.5,0,0.0,0.0,0,0,0.0,0.0,4,0,0.0,1.9409346448670353,0.21428571428571427
17,ARI,10,-1.626119600006134,-0.1626119600006134,4,0.75,70.75,4,72.0,0,0.0,0.0,1,0,0.0,-1.626119600006134,1,0,0.0,-1.626119600006134,0.1
17,ATL,13,-0.9762913814847081,-0.07509933703728523,5,0.6,69.8,3,64.66666666666667,0,0.0,0.0,2,0,0.0,-0.48814569074235403,3,0,0.0,-0.3254304604949027,0.0
17,BAL,10,0.7812517174012686,0.07812517174012687,1,0.0,75.0,4,55.0,0,0.0,0.0,1,0,0.0,0.7812517174012686,4,0,0.0,0.19531292935031716,0.0
17,BUF,13,1.8134547024406449,0.1394965155723573,4,0.25,67.5,3,66.0,0,0.0,0.0,1,0,0.0,1.8134547024406449,5,0,0.0,0.362690940488129,0.0
17,CAR,18,-3.740859129422553,-0.20782550719014184,9,0.8888888888888888,70.55555555555556,6,68.33333333333333,0,0.0,0.0,1,0,0.0,-3.740859129422553,2,0,0.0,-1.8704295647112765,0.0
17,CHI,11,2.4930623930250224,0.2266420357295475,3,0.6666666666666666,72.66666666666667,7,63.714285714285715,0,0.0,0.0,1,0,0.0,2.4930623930250224,0,0,0.0,0.0,0.0
17,CIN,12,-1.9756695825455477,-0.16463913187879564,6,0.5,71.2,1,57.0,0,0.0,0.0,2,0,0.0,-0.9878347912727738,3,0,0.0,-0.6585565275151826,0.0
17,CLE,10,2.515493212915898,0.2515493212915898,4,0.75,70.75,5,72.2,0,0.0,0.0,1,0,0.0,2.515493212915898,0,0,0.0,0.0,0.1
17,DAL,13,-2.6281029735582506,-0.20216176719678852,7,0.7142857142857143,74.14285714285714,4,72.25,0,0.0,0.0,1,0,0.0,-2.6281029735582506,1,0,0.0,-2.6281029735582506,0.07692307692307693
17,DEN,13,-0.9428392736582887,-0.07252609797371451,5,0.8,71.0,4,77.5,0,0.0,0.0,1,0,0.0,-0.9428392736582887,3,0,0.0,-0.31427975788609624,0.0
17,DET,12,4.818448405905699,0.4015373671588083,6,0.3333333333333333,68.2,0,,0,0.0,0.0,2,0,0.0,2.4092242029528497,4,0,0.0,1.2046121014764248,0.16666666666666666
17,GB,12,0.43620194858431116,0.03635016238202593,5,0.8,71.8,4,70.25,0,0.0,0.0,1,0,0.0,0.43620194858431116,2,0,0.0,0.21810097429215558,0.08333333333333333
17,HOU,13,1.1997920538997278,0.0922916964538252,7,0.8571428571428571,68.14285714285714,6,62.166666666666664,0,0.0,0.0,0,0,0.0,0.0,0,0,0.0,0.0,0.07692307692307693
17,IND,15,-0.26436413848759255,-0.017624275899172835,8,1.0,70.0,1,42.0,0,0.0,0.0,3,0,0.0,-0.08812137949586418,3,0,0.0,-0.08812137949586418,0.0
17,JAX,10,3.4148066571205744,0.34148066571205743,3,0.3333333333333333,69.0,3,60.666666666666664,0,0.0,0.0,2,0,0.0,1.7074033285602872,2,0,0.0,1.7074033285602872,0.0
17,KC,12,-0.8425438809417192,-0.0702119900784766,3,0.0,78.33333333333333,5,60.8,0,0.0,0.0,1,0,0.0,-0.8425438809417192,3,0,0.0,-0.2808479603139064,0.0
17,LA,12,1.662443553468465,0.13853696278903874,3,0.6666666666666666,69.0,6,64.5,0,0.0,0.0,2,0,0.0,0.8312217767342325,1,0,0.0,1.662443553468465,0.08333333333333333
17,LAC,12,0.12469308813228208,0.010391090677690173,2,0.5,75.5,2,65.5,0,0.0,0.0,4,0,0.0,0.03117327203307052,4,0,0.0,0.03117327203307052,0.08333333333333333
17,LV,12,-0.7941292977596206,-0.06617744147996839,2,0.0,73.5,4,61.75,0,0.0,0.0,4,0,0.0,-0.19853232443990515,2,0,0.0,-0.3970646488798103,0.0
17,MIA,13,1.5832553577835284,0.12178887367565604,2,1.0,70.0,7,63.0,0,0.0,0.0,2,0,0.0,0.7916276788917642,2,0,0.0,0.7916276788917642,0.15384615384615385
17,MIN,14,-6.805960922259908,-0.48614006587570774,5,0.6,73.2,2,62.0,0,0.0,0.0,4,0,0.0,-1.701490230564977,3,0,0.0,-2.268653640753303,0.0
17,NE,14,4.724863485157208,0.33749024893980056,9,0.5555555555555556,70.55555555555556,4,67.0,0,0.0,0.0,0,0,0.0,0.0,1,0,0.0,4.724863485157208,0.14285714285714285
17,NO,16,0.7117046088526402,0.04448153805329001,7,1.0,70.0,7,66.71428571428571,0,0.0,0.0,1,0,0.0,0.7117046088526402,1,0,0.0,0.7117046088526402,0.0
17,NYG,17,7.679413827353667,0.45173022513845096,7,0.8571428571428571,74.28571428571429,3,80.33333333333333,0,0.0,0.0,1,0,0.0,7.679413827353667,6,0,0.0,1.2799023045589444,0.0
17,NYJ,9,-0.17537535447627306,-0.019486150497363672,6,0.6666666666666666,75.33333333333333,3,68.33333333333333,0,0.0,0.0,0,0,0.0,0.0,0,0,0.0,0.0,0.3333333333333333
17,PHI,12,0.42257561303802516,0.03521463441983543,2,0.0,64.0,3,52.333333333333336,0,0.0,0.0,2,0,0.0,0.21128780651901258,5,0,0.0,0.08451512260760503,0.0
17,PIT,12,-0.3838408319616762,-0.03198673599680635,6,0.6666666666666666,72.33333333333333,4,68.5,0,0.0,0.0,1,0,0.0,-0.3838408319616762,1,0,0.0,-0.3838408319616762,0.0
17,SEA,10,1.8157513246875876,0.18157513246875875,2,1.0,70.0,6,66.83333333333333,0,0.0,0.0,2,0,0.0,0.9078756623437938,0,0,0.0,0.0,0.0
17,SF,15,-2.7581528640678665,-0.18387685760452444,8,0.5,67.75,0,,0,0.0,0.0,2,0,0.0,-1.3790764320339333,5,0,0.0,-0.5516305728135733,0.06666666666666667
17,TB,12,0.2710001833824274,0.02258334861520228,3,0.6666666666666666,74.33333333333333,1,76.0,0,0.0,0.0,2,0,0.0,0.1355000916912137,6,0,0.0,0.04516669723040456,0.0
17,TEN,11,-0.012350792230504837,-0.0011227992936822578,5,0.4,71.2,3,56.666666666666664,0,0.0,0.0,2,0,0.0,-0.006175396115252418,1,0,0.0,-0.012350792230504837,0.09090909090909091
17,WAS,13,1.1919158914739292,0.09168583780568686,6,0.8333333333333334,69.83333333333333,3,65.33333333333333,0,0.0,0.0,1,0,0.0,1.1919158914739292,3,0,0.0,0.3973052971579764,0.07692307692307693
18,ARI,16,2.0198149817745987,0.12623843636091242,5,1.0,70.0,4,64.25,0,0.0,0.0,2,0,0.0,1.0099074908872994,5,0,0.0,0.4039629963549197,0.0
18,ATL,14,-0.5832414668716017,-0.04166010477654298,7,0.42857142857142855,70.28571428571429,0,,0,0.0,0.0,2,0,0.0,-0.29162073343580086,5,0,0.0,-0.11664829337432034,0.07142857142857142
18,BAL,12,1.0964942016170718,0.09137451680142265,3,0.6666666666666666,64.0,4,54.25,0,0.0,0.0,0,0,0.0,0.0,5,0,0.0,0.21929884032341435,0.0
18,BUF,13,-0.8050506929945005,-0.061926976384192346,6,0.5,70.33333333333333,4,59.5,0,0.0,0.0,1,0,0.0,-0.8050506929945005,2,0,0.0,-0.40252534649725025,0.0
18,CAR,17,2.5143843541717246,0.14790496201010145,8,0.875,73.5,3,66.33333333333333,0,0.0,0.0,1,0,0.0,2.5143843541717246,5,0,0.0,0.502876870834345,0.11764705882352941
18,CHI,16,1.170073449231048,0.0731295905769405,6,0.3333333333333333,75.33333333333333,6,63.5,0,0.0,0.0,1,0,0.0,1.170073449231048,3,0,0.0,0.39002448307701604,0.0
18,CIN,12,8.470086081290106,0.7058405067741754,4,0.0,74.25,3,65.33333333333333,0,0.0,0.0,4,0,0.0,2.1175215203225264,1,0,0.0,8.470086081290106,0.0
18,CLE,13,1.462651438123598,0.11251164908643062,6,0.3333333333333333,65.33333333333333,5,67.8,0,0.0,0.0,1,0,0.0,1.462651438123598,1,0,0.0,1.462651438123598,0.07692307692307693
18,DAL,14,8.00827670084453,0.5720197643460379,5,0.8,70.0,4,67.25,0,0.0,0.0,4,0,0.0,2.0020691752111324,1,0,0.0,8.00827670084453,0.07142857142857142
18,DEN,9,0.5848358942510787,0.06498176602789764,1,1.0,70.0,2,65.5,0,0.0,0.0,1,0,0.0,0.5848358942510787,5,0,0.0,0.11696717885021575,0.0
18,DET,11,2.7876228481226017,0.2534202589202365,4,0.75,74.5,2,77.0,0,0.0,0.0,1,0,0.0,2.7876228481226017,4,0,0.0,0.6969057120306504,0.09090909090909091
18,GB,11,-5.950902967668608,-0.5409911788789643,4,0.0,72.5,3,56.333333333333336,0,0.0,0.0,3,0,0.0,-1.9836343225562025,1,0,0.0,-5.950902967668608,0.09090909090909091
18,HOU,12,2.1240398352354593,0.17700331960295493,4,0.0,72.25,4,59.5,0,0.0,0.0,1,0,0.0,2.1240398352354593,3,0,0.0,0.7080132784118197,0.16666666666666666
18,IND,18,2.203461078217792,0.1224145043454329,7,1.0,70.0,4,65.75,0,0.0,0.0,5,0,0.0,0.4406922156435584,2,0,0.0,1.101730539108896,0.0
18,JAX,16,5.382933419559929,0.3364333387224956,7,1.0,70.0,4,66.75,0,0.0,0.0,3,0,0.0,1.7943111398533098,2,0,0.0,2.6914667097799647,0.0
18,KC,13,-0.2534290517375304,-0.019494542441348493,7,0.8571428571428571,70.42857142857143,5,62.0,0,0.0,0.0,1,0,0.0,-0.2534290517375304,0,0,0.0,0.0,0.0
18,LA,13,6.7360709190351145,0.5181593014642396,6,0.5,67.66666666666667,2,68.5,0,0.0,0.0,4,0,0.0,1.6840177297587786,1,0,0.0,6.7360709190351145,0.0
18,LAC,13,-0.8415335619208353,-0.06473335091698733,5,0.8,67.2,1,71.0,0,0.0,0.0,5,0,0.0,-0.16830671238416706,2,0,0.0,-0.42076678096041764,0.0
18,LV,15,4.479970057548574,0.29866467050323825,8,0.75,69.0,3,66.33333333333333,0,0.0,0.0,2,0,0.0,2.239985028774287,2,0,0.0,2.239985028774287,0.0
18,MIA,13,3.6542745028993715,0.28109803868456706,6,0.16666666666666666,76.83333333333333,3,57.666666666666664,0,0.0,0.0,2,0,0.0,1.8271372514496858,2,0,0.0,1.8271372514496858,0.07692307692307693
18,MIN,12,-1.6535010910168229,-0.13779175758473525,5,1.0,70.0,3,70.33333333333333,0,0.0,0.0,4,0,0.0,-0.4133752727542057,0,0,0.0,0.0,0.0
18,NE,12,3.6785452946005024,0.3065454412167085,4,0.5,74.0,3,59.0,0,0.0,0.0,3,0,0.0,1.226181764866834,2,0,0.0,1.8392726473002512,0.08333333333333333
18,NO,14,4.93986288400847,0.3528473488577478,6,1.0,70.0,3,61.666666666666664,0,0.0,0.0,4,0,0.0,1.2349657210021174,1,0,0.0,4.93986288400847,0.07142857142857142
18,NYG,11,3.0243313971722228,0.2749392179247475,5,0.8,75.4,3,67.0,0,0.0,0.0,2,0,0.0,1.5121656985861114,1,0,0.0,3.0243313971722228,0.09090909090909091
18,NYJ,13,0.9777970150131492,0.07521515500101147,5,0.8,71.4,4,69.0,0,0.0,0.0,1,0,0.0,0.9777970150131492,3,0,0.0,0.3259323383377164,0.0
18,PHI,12,-1.109655914638226,-0.09247132621985217,4,0.25,77.5,3,67.66666666666667,0,0.0,0.0,3,0,0.0,-0.3698853048794087,2,0,0.0,-0.554827957319113,0.0
18,PIT,14,7.254461458064628,0.5181758184331877,6,0.5,68.5,5,65.0,0,0.0,0.0,1,0,0.0,7.254461458064628,2,0,0.0,3.627230729032314,0.07142857142857142
18,SEA,14,1.964521978357381,0.14032299845409865,6,0.8333333333333334,70.5,4,64.25,0,0.0,0.0,1,0,0.0,1.964521978357381,3,0,0.0,0.6548406594524604,0.0
18,SF,15,-2.391994381931686,-0.15946629212877905,8,0.875,69.625,2,72.5,0,0.0,0.0,2,0,0.0,-1.195997190965843,3,0,0.0,-0.7973314606438953,0.06666666666666667
18,TB,13,1.1270979663480505,0.08669984356523465,6,0.5,71.16666666666667,2,65.5,0,0.0,0.0,2,0,0.0,0.5635489831740252,3,0,0.0,0.3756993221160168,0.0
18,TEN,11,4.66509911490061,0.42409991953641907,4,0.25,77.0,5,66.6,0,0.0,0.0,2,0,0.0,2.332549557450305,0,0,0.0,0.0,0.09090909090909091
18,WAS,14,3.7710382990450517,0.26935987850321796,6,0.8333333333333334,72.83333333333333,5,70.4,0,0.0,0.0,1,0,0.0,3.7710382990450517,2,0,0.0,1.8855191495225259,0.14285714285714285
